forecast_timestamp,predicted_orders,lower_bound,upper_bound
2026-08-01 00:00:00,5.865878945177026,2.7359391588004556,8.85582536237882
2026-08-01 01:00:00,5.857208391950034,2.7101693879834268,8.719812103112083
2026-08-01 02:00:00,5.845116238492441,2.7530470798538547,8.974901634150642
2026-08-01 03:00:00,5.83264890094878,2.885658407827481,9.12020081067363
2026-08-01 04:00:00,5.8134179265380554,2.915658775083236,9.038552365951732
2026-08-01 05:00:00,5.779705564057445,2.6125330316608157,8.951001918036319
2026-08-01 06:00:00,5.735409022595836,2.7899011010034305,8.805703251354513
2026-08-01 07:00:00,5.697767238452997,2.738007051309994,8.7663587526625
2026-08-01 08:00:00,5.683188041888833,2.60998576621172,8.777072446863318
2026-08-01 09:00:00,5.6902945072741815,2.6925945716989177,8.837760840830972
2026-08-01 10:00:00,5.698505875846538,2.6403150099708963,8.821689319949693
2026-08-01 11:00:00,5.686354622040949,2.4062323467669002,8.71707320606893
2026-08-01 12:00:00,5.653552424193997,2.523660383023524,8.936222686721921
2026-08-01 13:00:00,5.625023683490776,2.285086770192934,8.688484568404881
2026-08-01 14:00:00,5.63079275227552,2.455409135831759,8.705602449783854
2026-08-01 15:00:00,5.678573357318174,2.5812121337407103,8.698766904241566
2026-08-01 16:00:00,5.744023650554029,2.724862089232034,8.839601930895226
2026-08-01 17:00:00,5.788409672256047,2.575594951775945,8.794244959435392
2026-08-01 18:00:00,5.7887094525923874,2.716692135554478,8.891134882219173
2026-08-01 19:00:00,5.754114522734158,2.602204183757017,8.969839515645424
2026-08-01 20:00:00,5.715655451222662,2.6801826200523866,8.702138795528251
2026-08-01 21:00:00,5.699903063076483,2.4553465501337186,8.584905529149802
2026-08-01 22:00:00,5.710583341703661,2.523228819648576,8.598452500915421
2026-08-01 23:00:00,5.732281629372349,2.5465159891137668,8.657889028689148
2026-08-02 00:00:00,5.748829346439035,2.671164775198477,8.932545806551175
2026-08-02 01:00:00,5.7567511041765895,2.6545039145562326,8.751019184291799
2026-08-02 02:00:00,5.762131323409694,2.653785695281115,8.56586375907839
2026-08-02 03:00:00,5.76777411779175,2.7885000637554542,8.829781158120245
2026-08-02 04:00:00,5.767042532956987,2.7597035656981763,8.755307213704302
2026-08-02 05:00:00,5.75196739794579,2.5972423157129514,8.887361878084088
2026-08-02 06:00:00,5.726194891097728,2.5363942923512046,8.713674394268011
2026-08-02 07:00:00,5.706716597940803,2.656757394708851,8.70726913117823
2026-08-02 08:00:00,5.709699910519925,2.3538574688629783,8.708894026510018
2026-08-02 09:00:00,5.733537510353539,2.5098709375977197,8.805784155277843
2026-08-02 10:00:00,5.757431284115691,2.6872299657080783,8.82304648323687
2026-08-02 11:00:00,5.759712204834466,2.9272434507437795,8.771580779183218
2026-08-02 12:00:00,5.739908903451572,2.799739966061778,8.612183238809518
2026-08-02 13:00:00,5.722783541496965,2.3847625637319787,8.717904853445736
2026-08-02 14:00:00,5.738221116012687,2.6301039764502376,8.908629205489614
2026-08-02 15:00:00,5.793820656013307,2.4921286055759655,8.668818128914843
2026-08-02 16:00:00,5.865151720415455,2.9928907251823986,8.846795407679894
2026-08-02 17:00:00,5.9134189642259125,2.639433791159898,8.892130298258303
2026-08-02 18:00:00,5.915566984994404,2.6078216549334745,8.786601628871775
2026-08-02 19:00:00,5.8807822114164345,2.77707288771933,8.878293157905329
2026-08-02 20:00:00,5.840118445309425,2.8582174630797623,8.898200647080305
2026-08-02 21:00:00,5.820197714515623,2.4490188581017738,8.781430289712674
2026-08-02 22:00:00,5.824824441888423,2.7489956594568166,9.073232800913479
2026-08-02 23:00:00,5.838688555662354,2.616251308687577,8.768165558373068
2026-08-03 00:00:00,5.845750775688817,2.56757527908874,8.798540223265832
2026-08-03 01:00:00,5.842687969014352,2.9071720698438863,9.02172717732313
2026-08-03 02:00:00,5.835757709734417,2.71287067047694,8.81087153303785
2026-08-03 03:00:00,5.827955828638825,2.7054548170254495,8.970669390444586
2026-08-03 04:00:00,5.812853074036425,2.6222292519233203,8.887829151090106
2026-08-03 05:00:00,5.782701173442688,2.6956889280522334,8.886613806010214
2026-08-03 06:00:00,5.741377434380479,2.496469547437865,8.842250445234633
2026-08-03 07:00:00,5.706111700081822,2.658051844463905,8.97330116495462
2026-08-03 08:00:00,5.693313549595146,2.3649812803146673,8.667150481585718
2026-08-03 09:00:00,5.701618525783316,2.481249622169973,8.972537620883331
2026-08-03 10:00:00,5.710468782429473,2.790864793838449,8.877371475332607
2026-08-03 11:00:00,5.698429725412547,2.579817505983339,8.733021777116907
2026-08-03 12:00:00,5.6652554147697,2.6535273485902,8.700272792420934
2026-08-03 13:00:00,5.63592137944596,2.6915876961439116,8.565348611226447
2026-08-03 14:00:00,5.640511015528116,2.4443753491998383,8.750181596727089
2026-08-03 15:00:00,5.686804064974451,2.909412057750576,8.793807665745618
2026-08-03 16:00:00,5.750530620217102,2.494753295014827,8.782616701039142
2026-08-03 17:00:00,5.7930334539298265,2.9946316559165744,8.86064257117017
2026-08-03 18:00:00,5.7913709152961275,2.652379654317722,8.86391056994682
2026-08-03 19:00:00,5.754817180333194,2.8089926952805326,9.119314901276889
2026-08-03 20:00:00,5.714486489236699,2.6648166317957536,8.841212349618331
2026-08-03 21:00:00,5.697033045811118,2.560846418206728,8.901163134460695
2026-08-03 22:00:00,5.706264597148457,2.8001547891175207,8.737405435111288
2026-08-03 23:00:00,5.7268453273180056,2.5836634238250493,8.82168510997639
2026-08-04 00:00:00,5.742681303208066,3.060599616301284,8.831185634833485
2026-08-04 01:00:00,5.750366364873684,2.4787042195834967,8.734525547991108
2026-08-04 02:00:00,5.756047589442983,2.575147282168352,8.768390643723594
2026-08-04 03:00:00,5.7625841035170415,2.8436967119748293,8.767292399597688
2026-08-04 04:00:00,5.763385350212116,2.6107949960296564,8.624066872497604
2026-08-04 05:00:00,5.750519081002485,2.9158931183679733,8.68279121587802
2026-08-04 06:00:00,5.727658186837507,2.686191342151867,8.731389349749467
2026-08-04 07:00:00,5.711810156757228,2.730978851616356,8.902344491233357
2026-08-04 08:00:00,5.719147022395676,2.7566263652003475,8.603820186986576
2026-08-04 09:00:00,5.748054537641806,2.5434290111977886,8.932997695379585
2026-08-04 10:00:00,5.77771594772045,2.6847272566058717,8.769717415908906
2026-08-04 11:00:00,5.786431883548724,3.0348345182583203,8.847062807842182
2026-08-04 12:00:00,5.773689107269778,2.9185078258601487,8.858209521032588
2026-08-04 13:00:00,5.76419671862981,2.9931058979261467,8.810871988359837
2026-08-04 14:00:00,5.7877759502095465,2.504796001510259,8.818795966059882
2026-08-04 15:00:00,5.85195200554238,2.6819478874209928,8.99068812587215
2026-08-04 16:00:00,5.932211342898001,2.7021218834410266,8.889186738392759
2026-08-04 17:00:00,5.989667162394604,2.8633297200026084,8.702901332366489
2026-08-04 18:00:00,6.001165297502609,2.9810833439369495,9.05214948097942
2026-08-04 19:00:00,5.975787260332142,2.8744623371575275,9.02543862792252
2026-08-04 20:00:00,5.9444770377649485,2.8173072271157467,9.07567942835075
2026-08-04 21:00:00,5.9337432806301065,2.9233443880539784,8.847651173033885
2026-08-04 22:00:00,5.9472748744863475,2.875554629421591,9.115705089780237
2026-08-04 23:00:00,5.969645499826889,2.7570754701198212,8.984555871461438
2026-08-05 00:00:00,5.9847003979959075,2.752891218029406,8.925229048895504
2026-08-05 01:00:00,5.989003217564708,2.868020321087874,9.25869143177538
2026-08-05 02:00:00,5.9887020571609755,2.886449429749154,9.048462564137212
2026-08-05 03:00:00,5.986688471329081,3.0019106278359042,9.063945317006915
2026-08-05 04:00:00,5.976435542015993,2.9007283645592095,9.172178314032687
2026-08-05 05:00:00,5.95010528717495,2.90882500587126,8.680058607468956
2026-08-05 06:00:00,5.911494527061256,2.9162110832161106,8.968865063327074
2026-08-05 07:00:00,5.877763007467291,2.848118769969215,8.781895596649852
2026-08-05 08:00:00,5.865261653803678,2.8936939289251016,8.97097929716498
2026-08-05 09:00:00,5.872579725384355,2.72163330217479,8.979175460412712
2026-08-05 10:00:00,5.87912624842036,2.659978542212481,9.012558396994097
2026-08-05 11:00:00,5.863447291779669,2.9579312249815994,8.960809923827831
2026-08-05 12:00:00,5.825291843117769,2.7523291718603407,8.93590002655421
2026-08-05 13:00:00,5.789644930014833,2.6725481319379765,8.90366580414569
2026-08-05 14:00:00,5.78661415175995,2.797736421419722,8.758477426634677
2026-08-05 15:00:00,5.824018115746939,2.8761356008446035,8.796414225913898
2026-08-05 16:00:00,5.8776402230291325,2.4574681595527506,8.705585495106059
2026-08-05 17:00:00,5.908890603575114,2.982520086205667,9.146680428870578
2026-08-05 18:00:00,5.894908446120032,2.9538911512234822,8.807621001494436
2026-08-05 19:00:00,5.845061515760897,2.8998398738820717,9.063203964261767
2026-08-05 20:00:00,5.790569499955496,2.6857542536327177,8.663789854053881
2026-08-05 21:00:00,5.7582028677121135,2.645805155679013,8.812769580627576
2026-08-05 22:00:00,5.751895271665925,2.730495738876067,8.945894202199213
2026-08-05 23:00:00,5.756445140149544,2.969053153145768,8.617325783976174
2026-08-06 00:00:00,5.755899712222802,2.7565370275579166,8.706631535901977
2026-08-06 01:00:00,5.746999424369544,2.7015177536608235,8.918867031542458
2026-08-06 02:00:00,5.736041795325064,2.665341581118645,8.762529647553865
2026-08-06 03:00:00,5.7260386024846275,2.5059221404327845,8.618462616658462
2026-08-06 04:00:00,5.71055247527822,2.6705110305207556,8.754606041809275
2026-08-06 05:00:00,5.681803195426658,2.635678687190166,8.472710209813052
2026-08-06 06:00:00,5.6436128386170505,2.5664338315125343,8.783496571113766
2026-08-06 07:00:00,5.613133565931422,2.6804353203514086,8.565339725098342
2026-08-06 08:00:00,5.606675943311225,2.707348974707879,8.810781244790686
2026-08-06 09:00:00,5.622756557788317,2.6602623100503267,8.958372130092213
2026-08-06 10:00:00,5.640680303503978,2.43348738439279,8.702798943859136
2026-08-06 11:00:00,5.63885889122735,2.649324955516095,8.767915066261002
2026-08-06 12:00:00,5.616878323988095,2.405932479450982,8.771709333468802
2026-08-06 13:00:00,5.599533963843877,2.4723806530692634,8.575964034527287
2026-08-06 14:00:00,5.616719331648676,2.47397805389105,8.345271921971237
2026-08-06 15:00:00,5.676017105964435,2.6876196395914187,8.758216036263919
2026-08-06 16:00:00,5.752955734177097,2.73513070361602,8.657446049831545
2026-08-06 17:00:00,5.808674421748446,2.6456094967915442,8.689628283537838
2026-08-06 18:00:00,5.820028706921574,2.5576253153657045,8.732479042702117
2026-08-06 19:00:00,5.796093374223419,2.4924924173401712,8.681849522687685
2026-08-06 20:00:00,5.767789305725118,2.63660861558045,8.821395235298835
2026-08-06 21:00:00,5.761585911796425,2.7537312812521466,8.81844545252689
2026-08-06 22:00:00,5.781117127260991,2.863367663720268,8.812252680422331
2026-08-06 23:00:00,5.810886575933753,2.8217771363031168,8.695450521645915
2026-08-07 00:00:00,5.834655112785875,2.888666892981921,8.81525049949015
2026-08-07 01:00:00,5.848888609432378,2.8992944365156856,9.049823885167722
2026-08-07 02:00:00,5.859625087915257,2.8849121019630855,8.94954592060756
2026-08-07 03:00:00,5.869634956509835,2.652330802398161,9.06400150848801
2026-08-07 04:00:00,5.872260435640953,2.87367539513984,8.99334398596436
2026-08-07 05:00:00,5.859524429410936,2.907861925947483,8.887011581527606
2026-08-07 06:00:00,5.835077946075668,2.657289498528683,8.952761275659102
2026-08-07 07:00:00,5.815929848271621,2.7927211014045046,8.938967861101961
2026-08-07 08:00:00,5.818276787783045,3.0214410657159156,8.808437039962529
2026-08-07 09:00:00,5.840552074310969,2.819431909840542,8.877322135482768
2026-08-07 10:00:00,5.862008836563497,2.6589005814870403,8.969884679740249
2026-08-07 11:00:00,5.861039019370078,2.627846546850351,8.875825318093776
2026-08-07 12:00:00,5.837240954218595,2.8851864199560078,8.768673656112544
2026-08-07 13:00:00,5.815454127938986,2.514691895140625,8.857614679256288
2026-08-07 14:00:00,5.82564729598715,2.8846777967841253,8.933739264458643
2026-08-07 15:00:00,5.8755084157967294,2.7376308342181472,9.121424473453366
2026-08-07 16:00:00,5.9406998274220335,2.9512399193110435,8.929378620982703
2026-08-07 17:00:00,5.9825214659417965,3.0402911387382705,8.978852385084904
2026-08-07 18:00:00,5.978014335847294,3.0191252850466204,9.096663149841902
2026-08-07 19:00:00,5.9364610276063985,2.7927690839573445,8.850298802324094
2026-08-07 20:00:00,5.889009905889105,2.8891162865422286,8.992547078862728
2026-08-07 21:00:00,5.862374644954992,2.935853248534032,8.860844268948064
2026-08-07 22:00:00,5.860447133716962,2.998722933320295,8.962856114371656
2026-08-07 23:00:00,5.8679993924440135,2.670991993026258,8.819834260519839
