restaurant_id,total_orders,revenue,avg_rating,avg_preparation_time,cancellation_rate,avg_delivery_time,kmeans_cluster,PC1,PC2,dbscan_cluster
20001,95,65105.0,3.932584269662921,14.011789473684209,0.05263157894736842,33.90263157894737,0,-1.5659033051687326,-0.7481538824857644,0
20002,98,71444.0,3.901098901098901,16.27877551020408,0.07142857142857142,36.25448979591837,2,-1.070603490692624,0.08127240204142781,0
20003,104,65223.33,3.922222222222222,28.24153846153846,0.09615384615384616,47.69538461538461,1,1.4207583401772936,-0.054969638807776784,0
20004,87,62620.15,3.7866666666666666,27.757011494252875,0.10344827586206896,48.55505747126437,1,1.4208257655413008,-1.4820296537967796,0
20005,77,53204.1,3.647887323943662,20.707662337662338,0.06493506493506493,40.0964935064935,0,-0.26423419709653023,-3.0664557865429733,-1
20006,88,59663.79,3.7,18.562272727272727,0.03409090909090909,38.72920454545454,0,-0.6522546145175194,-1.7118662799348583,-1
20007,102,74869.83,3.849462365591398,25.955490196078433,0.06862745098039216,43.73931372549019,1,0.7052589554846524,0.6929680183221296,0
20008,99,68462.54,3.9058823529411764,21.71020202020202,0.10101010101010101,41.76939393939394,1,0.11400799752828729,-0.10205846517917869,0
20009,101,65932.54,3.8505747126436782,27.322871287128713,0.0891089108910891,46.829009900990094,1,1.2087506319855503,-0.1909943365842538,0
20010,100,64351.33,4.078651685393258,10.432,0.07,30.979499999999998,0,-2.1877720255742594,-0.47982885811167447,0
20011,105,67614.77,3.903225806451613,24.169809523809523,0.05714285714285714,44.996,1,0.6604426921834837,0.21275113211349775,0
20012,83,50452.729999999996,3.9054054054054053,31.53879518072289,0.060240963855421686,51.90120481927711,1,2.135183924524939,-2.97832275570453,-1
20013,112,86490.27,4.07,13.014464285714284,0.07142857142857142,34.042142857142856,2,-1.6152038224690022,2.4433454439276976,-1
20014,104,66731.24,3.9278350515463916,15.05201923076923,0.028846153846153848,34.691442307692306,2,-1.3924939641132927,0.034165649633166935,0
20015,104,68951.23,3.9574468085106385,21.98807692307692,0.057692307692307696,42.70538461538461,1,0.19948069453606554,0.250417984366891,0
20016,108,82236.67,3.9292929292929295,24.882592592592594,0.06481481481481481,45.40101851851852,2,0.7708540196981889,1.7837955347968275,0
20017,99,65613.14,4.0476190476190474,16.016060606060606,0.09090909090909091,37.133434343434345,0,-0.9487433668230492,-0.41255894861793,0
20018,115,71933.31,3.857142857142857,25.691478260869566,0.043478260869565216,45.108000000000004,1,0.8186709145500926,1.338548648758489,0
20019,123,85205.03,3.6982758620689653,13.769756097560975,0.04878048780487805,34.29455284552845,2,-1.5677021341424997,3.2124023717889747,-1
20020,92,62947.47,3.802469135802469,25.10739130434783,0.07608695652173914,45.54304347826087,1,0.8080288126896807,-1.1160942750995413,0
20021,119,77738.92,3.769230769230769,15.393781512605043,0.1092436974789916,35.650756302521,2,-1.1635413876930631,2.2630026040116746,0
20022,98,70152.47,3.9080459770114944,33.76387755102041,0.07142857142857142,52.44459183673469,1,2.4339082688417104,-0.05709336679851066,0
20023,97,64590.409999999996,3.8620689655172415,16.697113402061856,0.061855670103092786,35.51216494845361,0,-1.111955228870061,-0.6234897225199394,0
20024,95,67607.9,4.158536585365853,15.737368421052631,0.08421052631578947,36.95926315789474,0,-1.0006064019050602,-0.5570710667367289,0
20025,104,75725.78,3.9431818181818183,17.1025,0.11538461538461539,37.808461538461536,2,-0.7556951136240455,0.9399488764566342,0
20026,102,67896.85,4.0,12.113725490196078,0.11764705882352941,32.99088235294118,0,-1.754639756866225,0.0592787016016928,0
20027,112,77332.42,4.031578947368421,18.30732142857143,0.125,37.416964285714286,2,-0.6326696736541362,1.650720168634916,0
20028,114,75006.21,3.8979591836734695,28.701666666666664,0.10526315789473684,47.728596491228075,1,1.4835075323552207,1.5922305632780769,0
20029,97,66820.86,3.911111111111111,28.235670103092787,0.041237113402061855,47.78298969072165,1,1.3389883710715915,-0.46175277370362466,0
20030,96,52462.86,3.8202247191011236,27.737083333333334,0.041666666666666664,46.9925,1,1.2160451126411715,-1.8364593017445716,0
20031,94,62753.020000000004,3.9411764705882355,24.564787234042555,0.07446808510638298,45.02627659574468,1,0.7194069720554094,-1.0315650614398457,0
20032,90,65143.04,3.7901234567901234,25.395000000000003,0.1,47.24877777777778,1,1.036671990271434,-1.0327841273717333,0
20033,109,76932.04,3.9680851063829787,27.241009174311927,0.09174311926605505,46.04018348623853,1,1.1349466628268632,1.375992389651601,0
20034,92,69504.58,3.740740740740741,24.179456521739134,0.09782608695652174,44.064565217391305,1,0.5664637637208375,-0.46909746188702134,0
20035,96,70458.74,3.8658536585365852,25.170208333333335,0.13541666666666666,45.60927083333333,1,0.9028890248612832,-0.09468357075037169,0
20036,87,60216.91,3.831168831168831,14.079195402298852,0.10344827586206896,31.368045977011494,0,-1.7764972617922496,-1.7039608065640897,0
20037,108,76244.8,3.8,12.011296296296296,0.1111111111111111,32.77861111111111,2,-1.82642805907572,1.3221645385491219,0
20038,108,75620.13,3.8350515463917527,15.582129629629629,0.07407407407407407,35.689537037037034,2,-1.1949682188659676,1.2165693077720585,0
20039,106,74400.79,3.808988764044944,28.778962264150945,0.12264150943396226,50.207358490566044,1,1.7440952834046595,0.9976787009184283,0
20040,108,75824.6,3.7325581395348837,22.711851851851854,0.12962962962962962,41.23962962962963,2,0.18189603377601143,1.3105860814586043,0
20041,88,66817.56,3.9210526315789473,17.227840909090908,0.09090909090909091,38.19875,0,-0.7535583350623355,-1.06218703286531,0
20042,94,65347.69,3.84,10.513829787234043,0.14893617021276595,30.363829787234042,0,-2.186490117210516,-0.6788906336570406,-1
20043,84,58409.33,3.9452054794520546,37.037142857142854,0.08333333333333333,56.30690476190476,1,3.1890506434353796,-2.164398663380431,-1
20044,98,68658.26,3.689655172413793,16.634693877551022,0.08163265306122448,35.32479591836734,2,-1.1411032787573785,-0.10413953584121137,0
20045,90,60359.68,3.6538461538461537,38.650444444444446,0.1111111111111111,57.660999999999994,1,3.501945131136234,-1.4371063609376649,-1
20046,92,69271.85,3.783132530120482,35.280108695652174,0.05434782608695652,56.70739130434782,1,2.9837244720460285,-0.5542947942473281,-1
20047,109,66669.5,3.875,14.69348623853211,0.10091743119266056,33.40229357798165,2,-1.4663524334519429,0.4735842511226592,0
20048,98,60901.51,3.9545454545454546,19.07622448979592,0.061224489795918366,38.15724489795918,0,-0.5692240964803086,-0.9234115369009652,0
20049,107,76255.13,3.826530612244898,11.943271028037383,0.04672897196261682,31.08943925233645,2,-2.091353845610156,1.184130864158874,0
20050,101,67304.1,3.8555555555555556,15.175247524752475,0.06930693069306931,36.72752475247525,0,-1.1325494038883621,-0.07226691246663819,0
20051,101,63177.21,3.84375,34.46495049504951,0.0297029702970297,53.60881188118812,1,2.58216497642989,-0.5054606831759803,-1
20052,96,69797.08,3.8117647058823527,11.1121875,0.0625,32.8184375,0,-1.9906979533489977,-0.19322666631599666,0
20053,98,67248.29,3.7126436781609193,27.667653061224488,0.08163265306122448,46.53612244897959,1,1.1770515265178247,-0.25239782574778963,0
20054,100,71146.94,3.735632183908046,28.2828,0.1,49.743,1,1.5980881983001483,0.26263621469925175,0
20055,89,52839.24,3.835616438356164,12.574157303370786,0.1348314606741573,34.77573033707865,0,-1.521502480515792,-2.214776013030203,0
20056,110,74250.0,3.7708333333333335,12.18590909090909,0.1,30.47009090909091,2,-2.058726222513057,1.2814330022165636,0
20057,94,67224.05,3.819277108433735,14.884042553191488,0.0425531914893617,34.66244680851064,0,-1.4308894442774727,-0.6004319309646287,0
20058,119,69498.39,4.010309278350515,12.57218487394958,0.14285714285714285,32.62579831932773,2,-1.6792394135656683,1.4607416078111608,-1
20059,87,60460.53,3.8076923076923075,19.93977011494253,0.06896551724137931,40.068045977011494,0,-0.3124958909006292,-1.7122764687667857,0
20060,123,76186.1,3.8425925925925926,19.117886178861788,0.0975609756097561,39.4630081300813,2,-0.374516789306577,2.3730009773456002,0
20061,96,66651.87,3.8795180722891565,11.724375,0.08333333333333333,32.09229166666667,0,-1.9599072903133585,-0.4861600209376645,0
20062,96,66943.46,3.926829268292683,17.8284375,0.11458333333333333,39.214687500000004,0,-0.5381107449427005,-0.4508716038055609,0
20063,99,72129.64,3.802325581395349,24.80666666666667,0.10101010101010101,46.035252525252524,1,0.8582277842820508,0.26548992273011246,0
20064,97,70172.62,3.793103448275862,26.70773195876289,0.09278350515463918,47.32659793814433,1,1.1776664410166675,-0.06739707389665044,0
20065,109,74037.45,3.831578947368421,13.915504587155963,0.11009174311926606,33.767614678899086,2,-1.5164753778779088,1.178164605074281,0
20066,93,66941.05,3.875,23.654946236559137,0.0967741935483871,44.449677419354835,1,0.5755012020470983,-0.6750038696839142,0
20067,94,61184.73,3.8860759493670884,25.353617021276595,0.1276595744680851,45.0481914893617,1,0.8687142255904224,-1.1122363418418164,0
20068,90,65539.94,3.835294117647059,27.269666666666666,0.03333333333333333,47.69755555555555,1,1.1968307956966269,-1.0720591789011193,0
20069,101,64560.56,4.011494252873563,25.535940594059408,0.09900990099009901,45.90683168316832,1,0.9646597237058803,-0.35577795559235975,0
20070,101,69715.27,3.989130434782609,13.022277227722773,0.0594059405940594,32.47653465346535,2,-1.7962793511311261,0.104618023876436,0
20071,97,78024.58,3.793103448275862,21.81567010309278,0.08247422680412371,43.28340206185567,2,0.22127168243346768,0.6552267221009178,0
20072,113,79861.8,3.742574257425743,9.829823008849557,0.08849557522123894,30.009911504424778,2,-2.3749231802888873,2.018809914763928,0
20073,98,72676.9,3.8850574712643677,11.070714285714287,0.09183673469387756,32.74387755102041,2,-1.9551317923378628,0.22363484654533186,0
20074,111,72604.23,3.804123711340206,39.02261261261261,0.10810810810810811,60.828738738738735,1,3.9064720689865657,1.1721051367949282,-1
20075,107,72639.73,3.979381443298969,20.50785046728972,0.09345794392523364,41.064859813084105,2,-0.07544467171720771,0.8374649292659715,0
20076,102,71753.83,3.912087912087912,22.18970588235294,0.09803921568627451,43.59823529411765,1,0.35077369970499694,0.41517531606058666,0
20077,102,57838.06,4.0,22.672843137254905,0.0392156862745098,43.11009803921569,0,0.3099671363149872,-0.9546505655637378,0
20078,108,69100.52,4.034090909090909,31.032222222222224,0.14814814814814814,51.14842592592592,1,2.1546017914293327,0.605669853188564,0
20079,101,65427.19,3.924731182795699,16.801584158415842,0.04950495049504951,36.72980198019802,0,-0.975808798901824,-0.2862270428809765,0
20080,102,79574.72,3.8275862068965516,17.838137254901962,0.13725490196078433,36.60901960784314,2,-0.8014793123716643,1.2059142147438013,0
20081,108,76008.12,3.8686868686868685,14.835277777777778,0.05555555555555555,33.58555555555556,2,-1.5112189789512027,1.2265297167308187,0
20082,100,64855.44,3.5824175824175826,11.7577,0.07,32.513400000000004,0,-1.9605800872386625,-0.28566992908437033,-1
20083,94,69723.31,3.852272727272727,18.993936170212766,0.0425531914893617,38.532765957446806,0,-0.6009543974670504,-0.38267450124254077,0
20084,91,70169.42,3.5675675675675675,16.97978021978022,0.15384615384615385,40.18615384615385,0,-0.5400253868867988,-0.3706648793497525,-1
20085,102,76954.49,4.0,25.487843137254902,0.06862745098039216,44.28205882352942,1,0.7301106198243844,0.8411985312047527,0
20086,100,73103.23,3.975609756097561,25.6514,0.16,45.3321,1,0.9751714590353188,0.42985462072551556,0
20087,97,73261.31,3.730337078651685,18.82041237113402,0.061855670103092786,39.407422680412374,2,-0.5202749562896891,0.21693512503010676,0
20088,92,65914.35,3.8275862068965516,9.956304347826087,0.05434782608695652,28.958369565217392,0,-2.5210221787545115,-0.8536162162128927,0
20089,93,57746.48,3.869047619047619,27.546236559139786,0.08602150537634409,46.97430107526881,1,1.2440339459782355,-1.5384331891542071,0
20090,98,73073.8,3.75,26.81591836734694,0.1326530612244898,47.43173469387756,1,1.2430294475405879,0.32328453026465337,0
20091,98,69544.62,3.883720930232558,26.919285714285717,0.11224489795918367,46.566428571428574,1,1.1621406555802534,-0.062359066657571106,0
20092,107,67336.76,3.8,23.807196261682243,0.07476635514018691,44.90299065420561,1,0.6261751453199447,0.37945980203438245,0
20093,98,83442.75,4.024096385542169,14.052244897959183,0.1326530612244898,35.26755102040816,2,-1.328582908229856,1.2140601536301352,-1
20094,104,72666.71,3.933333333333333,17.963461538461537,0.10576923076923077,38.68903846153846,2,-0.5832853046602466,0.649819260142187,0
20095,110,80842.25,3.731958762886598,9.911454545454545,0.08181818181818182,29.358999999999998,2,-2.4517972592495227,1.8891754189988923,0
20096,73,49684.88,4.016666666666667,24.541780821917808,0.1232876712328767,45.14164383561644,0,0.7846118645079303,-3.7438760717485615,-1
20097,93,64554.34,3.8048780487804876,21.781505376344086,0.07526881720430108,43.368817204301074,0,0.23433907737608553,-0.8931885432613961,0
20098,101,64617.99,3.9,14.146831683168315,0.0891089108910891,35.950594059405944,0,-1.2834617343512804,-0.31541221681607484,0
20099,102,58982.96,4.046511627906977,29.105490196078435,0.12745098039215685,47.770196078431375,1,1.5838624633987148,-0.7875322287475935,0
20100,108,76612.14,3.8541666666666665,26.547685185185188,0.10185185185185185,46.81296296296296,1,1.138731323373256,1.317531749268533,0
20101,100,63776.770000000004,3.956043956043956,16.5094,0.07,36.034099999999995,0,-1.046262614244461,-0.5019413548282031,0
20102,121,81920.94,3.826923076923077,24.110661157024794,0.12396694214876033,45.58280991735538,2,0.7988810720951728,2.7830396697319153,-1
20103,101,67927.9,4.035294117647059,17.218415841584157,0.1485148514851485,37.299603960396034,0,-0.7324310852161648,0.002535437899116387,0
20104,90,66623.14,3.9397590361445785,25.443666666666665,0.05555555555555555,46.019111111111116,1,0.8742634747944278,-0.9809381767296428,0
20105,87,60006.23,3.7837837837837838,28.902988505747125,0.09195402298850575,50.01724137931034,1,1.6809743656290772,-1.73506944689066,0
20106,88,63954.979999999996,3.9859154929577465,21.123749999999998,0.14772727272727273,41.29886363636364,0,0.06251878879695356,-1.2984306333327882,0
20107,98,71421.55,3.658536585365854,11.139693877551021,0.12244897959183673,32.158469387755105,2,-1.9978702292946586,0.20335325822656236,0
20108,116,70838.8,4.061224489795919,23.85301724137931,0.1206896551724138,44.458275862068966,1,0.6932190365073023,1.3206785029070078,1
20109,99,68133.7,3.5697674418604652,28.702828282828282,0.0707070707070707,48.57636363636364,1,1.4626874631463753,-0.06621966022501352,-1
20110,107,70211.79,3.704081632653061,22.41672897196262,0.04672897196261682,41.60915887850467,2,0.0845963781110607,0.6507425721463391,0
20111,79,49252.71,3.8823529411764706,27.89810126582278,0.10126582278481013,47.446075949367085,0,1.3384961006836815,-3.3315143350091345,-1
20112,109,72100.16,4.101010101010101,22.641926605504587,0.06422018348623854,43.5640366972477,1,0.38965845628358375,0.8671784377688525,0
20113,112,78327.07,3.843137254901961,34.11589285714286,0.08035714285714286,52.66901785714286,1,2.510060932557095,1.7433382982418513,0
20114,100,80151.94,3.758241758241758,24.999699999999997,0.08,45.175,1,0.7434558625388831,1.0754012440162297,0
20115,90,70739.72,3.9746835443037973,15.131888888888888,0.1,34.48422222222222,0,-1.3406365314705473,-0.5590163669045156,0
20116,92,62796.63,3.802469135802469,15.782826086956522,0.10869565217391304,37.73445652173913,0,-0.9305774103783314,-1.0915544631536536,0
20117,92,62495.37,3.8271604938271606,10.904347826086957,0.08695652173913043,31.395869565217392,0,-2.1208262284010875,-1.141699612993071,0
20118,106,71695.38,4.043478260869565,28.113301886792456,0.12264150943396226,48.09132075471698,1,1.4927311759506705,0.6776941299498889,0
20119,106,73120.6,3.736842105263158,13.337830188679245,0.05660377358490566,34.85754716981132,2,-1.5513913397415822,0.8551593039367169,0
20120,92,57498.68,3.710843373493976,9.816739130434783,0.06521739130434782,30.22978260869565,0,-2.3910856013605475,-1.5886289515166863,0
20121,94,64508.31,3.949367088607595,25.13340425531915,0.1276595744680851,44.87755319148936,1,0.8310824787837952,-0.8230619183958037,0
20122,126,75515.53,3.834862385321101,14.628968253968255,0.1111111111111111,33.18833333333334,2,-1.4691757731099313,2.5480134921385567,0
20123,94,59934.35,3.9518072289156625,27.671382978723404,0.0851063829787234,46.450212765957446,1,1.2112468250428643,-1.288781442693318,0
20124,96,63037.79,3.9411764705882355,14.356770833333334,0.09375,32.403124999999996,0,-1.6246898424014469,-0.8319652437410009,0
20125,90,57718.0,3.792207792207792,23.074444444444442,0.12222222222222222,44.07688888888889,0,0.508311229676433,-1.6985865843747447,0
20126,81,55910.04,4.013513513513513,17.6920987654321,0.08641975308641975,36.64407407407408,0,-0.854186414907306,-2.612469507985902,-1
20127,88,58417.7,3.780821917808219,13.605,0.14772727272727273,31.16875,0,-1.7904290054602487,-1.7420927223903275,-1
20128,114,81059.06,3.8529411764705883,10.492456140350878,0.08771929824561403,30.472280701754386,2,-2.2436505687376913,2.167897032665629,0
20129,111,79037.43,4.0212765957446805,27.9290990990991,0.0990990990990991,48.12108108108108,1,1.4397608995775573,1.7059514575041328,0
20130,114,87705.15,3.8365384615384617,19.060263157894735,0.07894736842105263,40.0869298245614,2,-0.37907954931767524,2.772037464273525,-1
20131,113,92536.81999999999,3.7857142857142856,11.156194690265487,0.09734513274336283,31.214778761061947,2,-2.116258213116014,3.1871388196023704,-1
20132,92,61223.05,3.8160919540229883,29.24163043478261,0.021739130434782608,48.15478260869565,1,1.443446365151862,-1.3333492696366733,0
20133,107,77261.59,3.9583333333333335,23.42336448598131,0.102803738317757,42.514392523364485,2,0.3800250178219822,1.2781055644508215,0
20134,93,62299.24,3.9743589743589745,31.26763440860215,0.13978494623655913,51.96021505376344,1,2.2261016153520394,-1.1028528455985616,-1
20135,98,66477.97,3.835294117647059,18.96030612244898,0.08163265306122448,40.791836734693874,0,-0.3077800223576598,-0.3528305939758784,0
20136,96,80207.86,3.6666666666666665,26.2878125,0.08333333333333333,47.12385416666667,1,1.0633494676149147,0.819490301757589,0
20137,95,66312.05,3.632911392405063,29.014,0.14736842105263157,49.65715789473685,1,1.7117203156002108,-0.47443367214270665,-1
20138,85,61042.26,3.986111111111111,16.99470588235294,0.058823529411764705,38.73105882352941,0,-0.7515508162660303,-1.8637890431922244,0
20139,111,65747.55,4.02,25.244414414414415,0.08108108108108109,45.690450450450456,1,0.9073011453807845,0.46098938367619713,0
20140,95,67409.2,3.7976190476190474,16.529263157894736,0.08421052631578947,38.25052631578948,0,-0.8341340339925063,-0.46815639320488783,0
20141,86,58832.38,3.8133333333333335,18.457093023255812,0.10465116279069768,38.01279069767442,0,-0.631706579184071,-1.9031296101746338,0
20142,106,74342.12,3.8152173913043477,21.647735849056602,0.08490566037735849,40.51858490566038,2,-0.052291412996911216,0.9633461681110322,0
20143,90,63214.97,3.962025316455696,23.952111111111112,0.12222222222222222,43.88411111111111,1,0.5938900118090611,-1.240767042670809,0
20144,110,75090.77,3.9130434782608696,11.026727272727273,0.11818181818181818,29.37663636363636,2,-2.250744204704625,1.3344494996059892,0
20145,93,59368.07,4.0,16.940752688172044,0.0967741935483871,37.25064516129032,0,-0.8401473317097984,-1.4075471814171234,0
20146,102,68201.5,3.75,11.465882352941176,0.09803921568627451,31.750098039215683,2,-2.0118902790439113,0.1452810658956543,0
20147,99,77090.89,3.962962962962963,29.34040404040404,0.1111111111111111,50.36333333333334,1,1.8065373082897016,0.6819244518742127,0
20148,93,67236.02,3.7529411764705882,12.529892473118279,0.053763440860215055,31.815806451612904,0,-1.96798003216643,-0.6393213146387257,0
20149,96,62258.58,3.883720930232558,36.878229166666664,0.0625,57.82749999999999,1,3.3113510876427474,-0.9380489141199497,-1
20150,94,64643.84,3.753086419753086,19.602659574468085,0.11702127659574468,37.87106382978723,0,-0.5134110280164651,-0.7556844450186875,0
20151,112,75615.31,3.98989898989899,30.50125,0.08928571428571429,50.388392857142854,1,1.9336887929285134,1.4594270094833504,0
20152,101,74699.17,3.8620689655172415,22.94039603960396,0.09900990099009901,42.57366336633663,1,0.30998921266696233,0.6311164716579308,0
20153,99,64882.71,3.9047619047619047,23.39050505050505,0.10101010101010101,41.53262626262626,1,0.27073236577710047,-0.4345800407360158,0
20154,94,57752.95,3.949367088607595,28.732553191489362,0.10638297872340426,48.123936170212765,1,1.5267561245537313,-1.4718649308691456,0
20155,101,65080.14,4.046511627906977,19.818217821782177,0.09900990099009901,38.75455445544554,0,-0.3689301854203096,-0.3122542262319822,0
20156,99,69195.81,3.9390243902439024,19.992727272727272,0.13131313131313133,39.91939393939394,0,-0.21376435320830917,-0.014615506686293018,0
20157,111,80143.7,3.727272727272727,26.816216216216215,0.07207207207207207,46.39720720720721,1,1.066687675075442,1.8730842072816365,0
20158,109,68764.66,4.086956521739131,20.165229357798165,0.14678899082568808,39.10596330275229,2,-0.21859119575214564,0.6408073354870294,0
20159,96,70385.97,3.9156626506024095,23.396874999999998,0.09375,44.351145833333334,1,0.5400255127765105,-0.15291470121792042,0
20160,98,69318.45,3.7349397590361444,28.077551020408162,0.10204081632653061,45.95622448979592,1,1.1859145058483906,-0.0487442037052341,0
20161,109,74238.11,3.857142857142857,26.63834862385321,0.07339449541284404,46.34908256880734,1,1.0693292322057113,1.143212170583324,0
20162,112,79686.0,3.8350515463917527,12.700000000000001,0.08928571428571429,31.897321428571427,2,-1.8677889872230786,1.9004268832221451,0
20163,96,64508.33,3.8780487804878048,23.973541666666666,0.10416666666666667,44.7421875,1,0.6593632748260209,-0.6772122062755006,0
20164,115,77366.69,3.97,10.60695652173913,0.10434782608695652,31.16678260869565,2,-2.1131657625788747,1.878201780520365,0
20165,116,77079.69,3.912621359223301,28.615000000000002,0.10344827586206896,50.24456896551724,1,1.7353189916798906,1.9228474752953049,0
20166,121,75746.11,3.8440366972477062,17.763636363636365,0.06611570247933884,36.857438016528924,2,-0.8300498786915126,2.1595262805151307,0
20167,111,73891.85,3.872549019607843,20.016126126126125,0.06306306306306306,40.19099099099099,2,-0.2662831127417676,1.2484474276391635,0
20168,95,64793.22,3.8433734939759034,25.76105263157895,0.10526315789473684,45.16505263157895,1,0.883674952805045,-0.7133654359167024,0
20169,111,76484.0,3.752577319587629,13.673873873873873,0.09009009009009009,34.905675675675674,2,-1.4612165205903156,1.5552254463592319,0
20170,84,57522.78,3.8,18.486785714285716,0.09523809523809523,37.080595238095235,0,-0.7411364287245463,-2.1739864635615542,0
20171,93,62811.64,3.6962025316455698,25.863763440860215,0.10752688172043011,43.685698924731184,1,0.7229645887694697,-0.9955881463340103,0
20172,88,62217.43,3.74025974025974,17.118977272727275,0.09090909090909091,35.90056818181818,0,-1.0203225369383573,-1.43357749016501,0
20173,86,61874.520000000004,3.948717948717949,26.991976744186047,0.06976744186046512,45.039186046511624,1,0.954318771817197,-1.7016852170749268,0
20174,95,62003.99,3.7349397590361444,23.694526315789474,0.11578947368421053,42.54084210526316,1,0.39974354996337214,-0.9275209701399096,0
20175,100,64526.5,3.9444444444444446,24.0554,0.06,42.859300000000005,1,0.4319562753484709,-0.4452833561764576,0
20176,114,78700.63,3.9157894736842107,15.892456140350877,0.12280701754385964,37.11438596491228,2,-0.9332210592416516,1.9571281398638845,0
20177,104,65540.59,3.923076923076923,24.754903846153848,0.10576923076923077,44.28336538461539,1,0.7157165179622347,-0.013669341423878805,0
20178,104,69716.2,3.9130434782608696,24.405384615384612,0.07692307692307693,44.198750000000004,1,0.6239963994210669,0.35009905062329794,0
20179,88,55370.83,3.825,13.471022727272727,0.07954545454545454,32.75681818181818,0,-1.7176750025147205,-2.1003567803621648,0
20180,98,65985.04,3.988235294117647,23.631836734693877,0.11224489795918367,44.921020408163265,1,0.6696192652321071,-0.42072441313770287,0
20181,86,63264.25,3.8421052631578947,37.76674418604651,0.09302325581395349,54.900232558139535,1,3.1131124682211366,-1.5298724710980813,-1
20182,96,68161.88,3.7209302325581395,11.243958333333333,0.09375,32.673541666666665,0,-1.960813652483032,-0.2889537393262016,0
20183,114,78300.9,4.076923076923077,17.154473684210526,0.07017543859649122,38.24228070175438,2,-0.730574961343256,1.8224034805014775,0
20184,118,88697.35,3.792452830188679,23.332457627118643,0.07627118644067797,42.372966101694914,2,0.29985748994829226,3.1612756033220637,-1
20185,109,65212.77,3.8350515463917527,27.031926605504587,0.10091743119266056,45.94137614678899,1,1.1168610360583926,0.3385943138304076,0
20186,103,71372.29,4.0227272727272725,25.276990291262138,0.1262135922330097,46.76582524271845,1,1.0560237076145564,0.4419859805480492,0
20187,101,62737.91,3.9782608695652173,13.953267326732673,0.0594059405940594,32.34930693069307,0,-1.7017414646932234,-0.539263363699112,0
20188,103,65358.06,3.827956989247312,27.339514563106793,0.08737864077669903,45.413980582524275,1,1.0633437216812356,-0.09360015089147727,0
20189,92,57535.74,3.7974683544303796,28.648152173913044,0.09782608695652174,49.54967391304348,1,1.6297842674819176,-1.5996609543763054,0
20190,129,83771.58,3.816666666666667,19.953488372093023,0.05426356589147287,41.947906976744186,2,-0.09150387771097768,3.4780595248881667,-1
20191,92,61745.55,4.094117647058823,11.329347826086956,0.06521739130434782,32.95054347826087,0,-1.9053350923093328,-1.3118018431028011,0
20192,93,68232.25,3.925,16.254086021505376,0.12903225806451613,36.19849462365591,0,-1.0044494935273014,-0.533455137579392,0
20193,105,77287.21,3.831578947368421,23.65685714285714,0.047619047619047616,43.46752380952381,2,0.4091460668909239,1.1224636546014815,0
20194,106,72268.32,3.8369565217391304,29.24047169811321,0.10377358490566038,47.58518867924528,1,1.5032512923112886,0.7747289105487658,0
20195,76,47742.65,4.0625,11.011973684210526,0.11842105263157894,30.872763157894735,0,-2.095799367937108,-3.7111111489074093,-1
20196,97,63382.6,3.8048780487804876,12.619690721649484,0.08247422680412371,32.38680412371134,0,-1.8398695589003398,-0.6956583255472937,0
20197,107,75680.64,3.8969072164948453,30.93411214953271,0.07476635514018691,49.047757009345794,1,1.797792079270737,1.1173335843024657,0
20198,92,67825.14,3.764705882352941,20.129347826086956,0.05434782608695652,42.41630434782609,0,-0.07737412697217967,-0.6683563618533129,0
20199,101,67902.15,3.808988764044944,12.654158415841584,0.09900990099009901,33.96633663366337,2,-1.6502219337115915,0.026800337171422536,0
20200,96,66966.18000000001,4.0,17.209479166666664,0.0625,37.55322916666667,0,-0.8330104968447308,-0.5175386162763026,0
20201,111,76685.68,3.7938144329896906,15.79972972972973,0.10810810810810811,36.24234234234234,2,-1.0720018114842738,1.576176527987353,0
20202,95,65396.53,3.9047619047619047,21.423157894736843,0.06315789473684211,42.916,0,0.15057936324352017,-0.7107234002104411,0
20203,102,66867.88,3.9,14.274117647058825,0.08823529411764706,34.48166666666667,0,-1.4255647994838283,-0.0349365072672731,0
20204,112,75687.52,4.009803921568627,17.225446428571427,0.08928571428571429,37.29696428571429,2,-0.8048837870600082,1.472957188659996,0
20205,107,73160.43,4.061855670103093,33.8492523364486,0.06542056074766354,53.69523364485982,1,2.598641613039449,0.8225697138882078,-1
20206,103,73469.23,3.6847826086956523,33.89708737864078,0.07766990291262135,54.46320388349515,1,2.638272770252001,0.6850384515455289,-1
20207,77,54828.8,3.8412698412698414,19.702727272727273,0.12987012987012986,40.073376623376625,0,-0.2621497974588004,-2.913712134933032,-1
20208,106,79532.76,3.98,14.97056603773585,0.03773584905660377,33.6038679245283,2,-1.513194342297662,1.358219537481265,0
20209,106,73359.84,3.7216494845360826,21.561886792452828,0.0660377358490566,41.62490566037736,2,0.01738998027155314,0.8829079159737449,0
20210,100,65555.69,3.7865168539325844,11.607899999999999,0.09,31.5781,0,-2.0197182896801515,-0.2633369254821523,0
20211,105,68987.04,4.043956043956044,29.26380952380952,0.12380952380952381,46.46657142857143,1,1.448576975477578,0.3546824027007899,0
20212,99,71417.79,3.8764044943820224,14.702424242424241,0.050505050505050504,34.102828282828284,2,-1.4868466631450372,0.1413049371906907,0
20213,101,67398.29,3.978723404255319,24.261980198019803,0.0594059405940594,42.31019801980198,1,0.39753597853352834,-0.11748586594081004,0
20214,76,55138.27,3.8461538461538463,12.66,0.10526315789473684,31.809473684210527,0,-1.887196605062094,-2.9744673829849826,-1
20215,99,65367.6,3.95,25.004848484848484,0.12121212121212122,45.391212121212114,1,0.8709957693543123,-0.3868233261363479,0
20216,76,50016.55,3.6515151515151514,11.278026315789473,0.10526315789473684,29.10263157894737,0,-2.330069460902971,-3.3890106685728267,-1
20217,99,61257.67,3.817204301075269,35.47888888888889,0.04040404040404041,53.877575757575755,1,2.7254436464416307,-0.8114605750739475,-1
20218,92,62208.45,3.975,27.410652173913046,0.09782608695652174,48.01010869565218,1,1.357745564786262,-1.2186643275647122,0
20219,108,76320.9,3.9894736842105263,22.796481481481482,0.08333333333333333,41.60231481481482,2,0.20255700396128976,1.2370067482172544,0
20220,108,70473.82,3.7282608695652173,26.82175925925926,0.12962962962962962,46.93453703703704,1,1.2095002742044814,0.8117324730722894,0
20221,106,74882.99,3.8241758241758244,21.002264150943393,0.10377358490566038,40.64792452830189,2,-0.08113307449679341,1.0284874787030978,0
20222,99,68695.24,3.9382716049382718,16.68858585858586,0.10101010101010101,37.725959595959594,0,-0.824581762595766,-0.08558285809032389,0
20223,90,67250.97,3.9382716049382718,12.148777777777779,0.03333333333333333,33.477333333333334,0,-1.842402893568013,-0.9299761785728751,0
20224,108,79868.95,3.8020833333333335,19.957962962962963,0.07407407407407407,40.28037037037037,2,-0.274860448852593,1.6158446037321443,0
20225,99,70309.86,4.010869565217392,27.034141414141416,0.050505050505050504,47.404747474747474,1,1.1984463435154642,-0.01383905983515464,0
20226,104,77537.9,4.091954022988506,18.171153846153846,0.11538461538461539,36.87692307692308,2,-0.7232909567113666,1.0626940750705884,0
20227,94,63479.13,3.8181818181818183,23.997872340425534,0.02127659574468085,40.736063829787234,0,0.12739023923840184,-0.9746627073780405,0
20228,129,78213.68000000001,3.905982905982906,19.62317829457364,0.06976744186046512,40.805426356589145,2,-0.20190084326813257,2.951017366401301,-1
20229,104,74402.71,3.8160919540229883,18.981634615384614,0.125,37.996442307692305,2,-0.5430978178601099,0.8628547030391619,0
20230,117,80160.33,3.7142857142857144,20.366239316239316,0.06837606837606838,41.26965811965812,2,-0.13207814290597264,2.3163523467848592,0
20231,89,64565.92,3.8904109589041096,15.786067415730338,0.1348314606741573,36.60123595505618,0,-1.0102470633627159,-1.147433522390375,0
20232,98,72217.51,3.7906976744186047,18.105510204081632,0.10204081632653061,37.96938775510204,2,-0.6789799631742448,0.21232884137883537,0
20233,96,59211.39,3.746987951807229,22.156562500000003,0.0625,40.58541666666667,0,-0.024636638826253353,-1.1645345644645482,0
20234,99,63871.87,3.7555555555555555,35.43878787878788,0.04040404040404041,57.36434343434343,1,3.0695810823550973,-0.5515660952869875,-1
20235,86,61090.24,3.7662337662337664,25.451627906976746,0.08139534883720931,47.22906976744186,1,1.011944822668629,-1.708401510254301,0
20236,94,77040.56,3.764705882352941,12.872446808510638,0.07446808510638298,33.34627659574468,2,-1.7599550090569112,0.35648702276344485,0
20237,102,69078.56,3.772727272727273,10.752254901960784,0.12745098039215685,30.196862745098038,2,-2.2071150251158036,0.24755215270182687,0
20238,104,72019.84,3.923076923076923,26.0075,0.10576923076923077,45.62259615384615,1,0.9738254277446485,0.5854382923395374,0
20239,94,67325.65,3.6923076923076925,16.33787234042553,0.1276595744680851,36.09191489361702,0,-1.037421893312168,-0.4764333161796763,0
20240,91,62307.26,3.847058823529412,19.74967032967033,0.03296703296703297,38.13956043956044,0,-0.5692331081400056,-1.295129623723378,0
20241,100,65649.63,4.093023255813954,28.9508,0.11,45.7531,1,1.3266103598079695,-0.34424680472043184,0
20242,116,74054.93,3.858490566037736,27.29689655172414,0.08620689655172414,44.85241379310345,1,1.0140312767160673,1.6452874072709074,0
20243,106,69365.06999999999,3.882978723404255,14.633490566037736,0.07547169811320754,34.92820754716981,2,-1.3573297676205673,0.4796865277273635,0
20244,107,79744.87,3.717391304347826,25.232616822429904,0.14018691588785046,45.53906542056075,1,0.8933102919866266,1.6126181171431224,0
20245,98,63870.909999999996,3.879120879120879,28.150816326530613,0.04081632653061224,47.92683673469388,1,1.347182740045744,-0.6533012830531304,0
20246,104,69625.7,3.913978494623656,25.99923076923077,0.08653846153846154,46.39759615384616,1,1.0310079281987863,0.34854787809733656,0
20247,97,68724.32,3.9302325581395348,17.07680412371134,0.10309278350515463,38.59041237113402,0,-0.6969035719306798,-0.22415910259049357,0
20248,94,57197.01,3.802325581395349,14.654787234042553,0.05319148936170213,34.62117021276595,0,-1.4299727208103865,-1.5144980342563863,0
20249,120,86605.52,3.8981481481481484,10.529583333333333,0.075,31.99775,2,-2.0897803915640427,3.0915077673047446,0
20250,86,60697.27,4.0,21.75627906976744,0.06976744186046512,41.83976744186047,0,0.0860052400171081,-1.8215620026905865,0
20251,101,73754.74,3.903225806451613,13.284356435643565,0.04950495049504951,32.67366336633663,2,-1.7805276026758776,0.49535263171751626,0
20252,121,86953.34,3.883495145631068,35.05603305785124,0.12396694214876033,55.2296694214876,1,2.93914524019764,3.2220765986008417,-1
20253,93,62611.41,3.902439024390244,19.12548387096774,0.10752688172043011,38.87096774193548,0,-0.44956798325656,-1.069915752400792,0
20254,101,67346.85,3.895348837209302,26.780198019801983,0.10891089108910891,47.516336633663364,1,1.2531631436635395,-0.05501605169503175,0
20255,91,65209.16,3.9,26.90967032967033,0.0989010989010989,46.14406593406593,1,1.0957951396504857,-0.9888944265135815,0
20256,120,80573.72,3.706422018348624,17.245083333333334,0.058333333333333334,35.80283333333333,2,-1.0332390564763454,2.569050959572694,-1
20257,76,53786.59,3.876923076923077,24.36578947368421,0.09210526315789473,43.23828947368421,0,0.5073806367478305,-3.132245777276167,-1
20258,95,67935.61,3.8620689655172415,13.516105263157895,0.08421052631578947,33.01894736842105,0,-1.6825588249993282,-0.4352538731206215,0
20259,106,71805.62,4.045454545454546,16.100943396226416,0.12264150943396226,33.52264150943396,2,-1.269837074893941,0.6995604438306924,0
20260,90,62423.22,4.0519480519480515,25.614555555555555,0.1,46.387,1,1.0114574365433697,-1.363245461596839,0
20261,103,68581.99,3.881720430107527,14.849514563106796,0.07766990291262135,34.588349514563106,2,-1.3719257593282108,0.1917981956305669,0
20262,85,51747.15,3.408450704225352,19.904823529411765,0.12941176470588237,40.80223529411765,0,-0.20516840482472593,-2.4898283491697195,-1
20263,101,68697.08,3.811111111111111,18.86910891089109,0.07920792079207921,40.145940594059404,2,-0.38871443736383415,0.07568165742881158,0
20264,100,74617.64,3.869565217391304,16.3737,0.06,35.3536,2,-1.1750517251847916,0.5195655987643144,0
20265,110,71888.15,3.622448979591837,15.743545454545455,0.1,36.35990909090909,2,-1.0937902543711906,1.1030772300607938,0
20266,100,68501.61,3.879120879120879,30.914299999999997,0.08,52.748900000000006,1,2.1824441891815565,-0.04643922746425698,0
20267,101,67314.13,3.8620689655172415,22.09663366336634,0.10891089108910891,42.4270297029703,1,0.23270183003305858,-0.0434378642328588,0
20268,95,69088.06,3.775,23.19494736842105,0.1368421052631579,43.990315789473684,1,0.5187421433463543,-0.26386219517706805,0
20269,91,59299.43,3.8902439024390243,28.177362637362634,0.06593406593406594,49.136483516483516,1,1.5039180385824091,-1.565365956655276,0
20270,89,56050.6,3.9342105263157894,24.415955056179776,0.0898876404494382,44.88808988764045,0,0.7105856512198866,-1.998980095802524,0
20271,112,70593.5,3.880434782608696,25.520089285714285,0.125,46.63223214285715,1,1.0653304659058789,1.0641712333958058,0
20272,102,70644.4,3.7472527472527473,19.859313725490196,0.08823529411764706,40.96735294117647,2,-0.19880598896743204,0.35515435373561655,0
20273,110,80657.11,3.9361702127659575,27.086909090909092,0.1,47.06818181818182,1,1.227312923900242,1.8106837523807942,0
20274,116,77955.02,4.11214953271028,24.308879310344828,0.034482758620689655,45.5401724137931,2,0.7345493234740403,1.8852527633283511,-1
20275,119,82153.44,3.8380952380952382,39.371008403361344,0.09243697478991597,59.439663865546216,1,3.7821863792755694,2.6128334768831327,-1
20276,97,67165.79,3.8863636363636362,33.69144329896908,0.08247422680412371,52.861958762886594,1,2.4843154606894347,-0.3898099424614674,0
20277,97,62866.44,3.8674698795180724,16.92701030927835,0.10309278350515463,37.65061855670103,0,-0.8084651871230756,-0.747773444509921,0
20278,96,68739.38,4.109756097560975,16.7628125,0.08333333333333333,35.790625,0,-1.0227932561952469,-0.3663258330027656,0
20279,83,60157.82,3.8266666666666667,26.057710843373492,0.0963855421686747,44.263493975903614,0,0.7914332450066465,-2.0165634870698748,0
20280,96,75970.72,3.988372093023256,13.015833333333333,0.07291666666666667,32.188854166666665,2,-1.8300211977243277,0.33415047688802507,0
20281,114,72590.69,3.7473684210526317,28.903421052631582,0.14035087719298245,49.64526315789474,1,1.7324775225851976,1.4450848131627094,0
20282,103,66452.13,3.857142857142857,39.241359223300975,0.0970873786407767,59.510485436893205,1,3.780408670694319,-0.004140429898619983,-1
20283,94,71027.49,4.060975609756097,16.870212765957447,0.06382978723404255,36.738617021276596,0,-0.9536543253381635,-0.30295295955177665,0
20284,99,68297.65,4.0,29.930606060606063,0.09090909090909091,49.78909090909091,1,1.8025661221447957,-0.16271276524172879,0
20285,108,76033.65,3.989130434782609,26.958148148148148,0.12037037037037036,46.521574074074074,1,1.1954122719967986,1.2401916012583774,0
20286,103,70355.15,3.89247311827957,17.89368932038835,0.08737864077669903,40.343398058252426,2,-0.4468059294406167,0.3581569050930149,0
20287,95,65931.6,4.0,22.221157894736844,0.06315789473684211,41.05147368421053,0,0.052813894694557245,-0.6898320697297041,0
20288,106,72346.42,3.9204545454545454,10.216603773584906,0.10377358490566038,29.960849056603774,2,-2.295644232058454,0.7750098725916286,0
20289,103,65525.28,3.8222222222222224,14.976601941747573,0.08737864077669903,35.480970873786404,0,-1.2563627609326504,-0.06500384563671859,0
20290,115,80604.04000000001,4.0212765957446805,9.874347826086955,0.1391304347826087,29.20773913043478,2,-2.3455413666775846,2.1956366957959284,-1
20291,103,74797.31,3.6739130434782608,36.830388349514564,0.07766990291262135,57.64679611650485,1,3.270284961931023,0.8084520261125882,-1
20292,98,65574.6,3.8433734939759034,14.074489795918367,0.10204081632653061,33.608979591836736,0,-1.532324720109431,-0.4149882482252079,0
20293,90,63782.96,3.962025316455696,21.778,0.06666666666666667,42.809,0,0.18194806912478723,-1.2371622809542961,0
20294,90,56501.98,4.025974025974026,13.908888888888889,0.14444444444444443,35.64322222222222,0,-1.2577002477806012,-1.8523053705720978,-1
20295,94,69122.3,3.814814814814815,23.71627659574468,0.13829787234042554,44.22287234042553,1,0.6026122961685956,-0.3442781045007899,0
20296,96,62106.25,3.783132530120482,21.523229166666667,0.10416666666666667,41.232708333333335,0,0.031052126797840852,-0.8686937477721649,0
20297,100,65888.75,3.7674418604651163,13.3991,0.12,34.4604,0,-1.498080707387308,-0.20128858076200262,0
20298,102,75011.9,3.7411764705882353,12.538039215686274,0.12745098039215685,31.631862745098037,2,-1.8869353597131175,0.8051268936041581,0
20299,102,63047.61,3.7282608695652173,28.949607843137255,0.0784313725490196,49.27372549019608,1,1.6077650644949382,-0.3606262788235733,0
20300,106,82930.44,3.7613636363636362,21.137358490566037,0.1509433962264151,41.71009433962264,2,0.08210257929252777,1.83579577197602,-1
20301,93,62982.08,3.7341772151898733,27.960860215053764,0.08602150537634409,47.58731182795699,1,1.322871717951853,-1.013335243872845,0
20302,110,73884.88,4.0588235294117645,15.364454545454544,0.045454545454545456,34.15909090909091,2,-1.3756589324655433,1.108117534786,-1
20303,96,76590.57,3.8674698795180724,27.6925,0.11458333333333333,47.1834375,1,1.2912396779829796,0.45169541415763054,0
20304,100,73508.37,3.922222222222222,14.1241,0.08,33.2761,2,-1.5894548998164129,0.4214441799492614,0
20305,97,76145.46,3.8444444444444446,25.850206185567007,0.041237113402061855,45.16855670103093,1,0.7936853989052183,0.4245797563118421,0
20306,98,66788.6,3.715909090909091,28.044591836734693,0.08163265306122448,48.175,1,1.387509038489066,-0.2966387227527359,0
20307,134,91558.34,3.8333333333333335,39.09649253731344,0.12686567164179105,59.21835820895522,1,3.788464926521289,4.605684001119029,-1
20308,107,74855.33,4.150537634408602,20.880747663551404,0.09345794392523364,40.98934579439252,2,-0.024415224314894318,0.9911834743824656,0
20309,92,60688.84,3.892857142857143,26.593152173913044,0.08695652173913043,47.92467391304348,1,1.2406182716331595,-1.3441730694746041,0
20310,89,57250.06,3.8947368421052633,13.830112359550563,0.12359550561797752,35.35550561797753,0,-1.3446565510336723,-1.8351529587553717,0
20311,94,61020.03,3.9204545454545454,26.11553191489362,0.0425531914893617,45.2063829787234,1,0.8580422867202482,-1.2163141847926515,0
20312,113,73576.31,3.8585858585858586,29.287787610619468,0.08849557522123894,48.02433628318584,1,1.5483116865912705,1.3831495883606064,0
20313,107,68373.14,3.9767441860465116,26.986915887850465,0.1588785046728972,48.36476635514018,1,1.449649060254917,0.4963554302782941,0
20314,116,86151.26,3.809090909090909,14.390862068965516,0.04310344827586207,33.61137931034483,2,-1.5813298061157643,2.753526045575572,-1
20315,94,67124.08,4.146341463414634,17.154148936170213,0.10638297872340426,37.352340425531914,0,-0.7859246441964548,-0.6516174796075329,0
20316,101,73783.94,3.7954545454545454,22.98306930693069,0.0891089108910891,41.20435643564357,2,0.1518154155041921,0.5575217376396611,0
20317,86,54418.53,3.831168831168831,18.544534883720928,0.08139534883720931,37.399302325581395,0,-0.7064877313494646,-2.338653923197152,0
20318,86,57316.9,3.891891891891892,22.011162790697675,0.11627906976744186,41.452790697674416,0,0.12427734592363981,-2.0598691091178716,0
20319,76,56209.45,3.9846153846153847,14.794210526315789,0.09210526315789473,34.675657894736844,0,-1.367388736433525,-2.9310193089240393,-1
20320,106,67027.77,4.010752688172043,24.853962264150944,0.10377358490566038,44.18490566037736,1,0.7268128375031221,0.24106114289096342,0
20321,125,84744.34,3.692982456140351,16.94168,0.056,35.52128,2,-1.0963438825985816,3.320408565459602,-1
20322,98,68059.22,3.768292682926829,22.176938775510205,0.14285714285714285,44.2476530612245,1,0.4539972399721002,-0.13334815786549334,0
20323,101,72139.67,3.8,12.895940594059406,0.1485148514851485,31.624950495049504,2,-1.811496115901841,0.46783830689576034,0
20324,108,78132.38,3.9058823529411764,28.29888888888889,0.17592592592592593,49.027129629629634,1,1.652510234778325,1.5088957747367628,-1
20325,120,80827.96,3.8411214953271027,16.091666666666665,0.075,36.083333333333336,2,-1.084226440842749,2.568251585156678,0
20326,101,74226.47,3.880952380952381,36.395742574257426,0.1188118811881188,55.23891089108911,1,3.0551639725728013,0.5869501961028952,-1
20327,92,66479.91,4.048192771084337,14.53032608695652,0.07608695652173914,36.11663043478261,0,-1.2438148149528523,-0.8525046734885278,0
20328,91,67140.79000000001,4.1645569620253164,26.060549450549452,0.07692307692307693,45.75615384615385,1,0.9717376955061992,-0.9086489891160141,-1
20329,105,65519.79,4.054945054945055,27.898,0.12380952380952381,48.59733333333334,1,1.5346723109338334,0.030606344310770674,0
20330,104,67707.92,3.763440860215054,13.660673076923077,0.07692307692307693,34.35701923076923,2,-1.5337967417645448,0.21905878862748357,0
20331,93,64675.89,3.7439024390243905,20.116559139784947,0.0967741935483871,40.18849462365591,0,-0.24945440100386534,-0.8419785565586808,0
20332,94,71502.64,3.9146341463414633,13.471808510638297,0.0851063829787234,33.859468085106386,0,-1.5997550567312133,-0.192406331443365,0
20333,109,70967.12,3.74,23.468623853211007,0.045871559633027525,43.993853211009174,2,0.4480147977176728,0.8529321017870493,0
20334,96,64256.53,3.9647058823529413,13.203020833333333,0.07291666666666667,31.855625,0,-1.8278934340466455,-0.7441991297008886,0
20335,98,64842.04,3.739130434782609,12.844897959183672,0.05102040816326531,33.51561224489796,0,-1.7503310047172127,-0.49740371174440884,0
20336,119,88620.68,3.97196261682243,11.360336134453782,0.058823529411764705,31.782605042016808,2,-2.041904216418767,3.1681818482046036,-1
20337,88,54506.25,3.871794871794872,28.086250000000003,0.09090909090909091,48.53965909090909,1,1.4651323359383694,-2.1985215532375535,0
20338,89,63624.82,3.986111111111111,27.843483146067417,0.15730337078651685,47.66988764044944,1,1.4386946698145524,-1.2541859177758539,-1
20339,90,62170.130000000005,3.7439024390243905,10.245111111111111,0.06666666666666667,27.993111111111112,0,-2.583926490183409,-1.3092464659481888,0
20340,100,69393.8,3.715909090909091,20.5163,0.08,40.074600000000004,2,-0.23981909284622663,0.0957767591439198,0
20341,95,66465.56,3.6049382716049383,27.710736842105263,0.12631578947368421,47.66831578947368,1,1.3379006244580236,-0.4696706008712611,-1
20342,105,73214.26,3.739130434782609,35.79190476190476,0.0761904761904762,56.69390476190476,1,3.077119961233437,0.7869466613434922,-1
20343,107,75357.61,3.776595744680851,27.84177570093458,0.12149532710280374,48.271495327102805,1,1.4399981786590728,1.168693059146225,0
20344,103,67335.2,3.808988764044944,37.64970873786408,0.07766990291262135,56.31436893203884,1,3.2494227986353357,0.07626901133240109,-1
20345,97,66037.79,3.953488372093023,9.959278350515463,0.09278350515463918,29.86237113402062,0,-2.349341920970407,-0.4822151341353772,0
20346,97,65878.67,3.965909090909091,15.263505154639175,0.061855670103092786,35.079690721649484,0,-1.294025045757996,-0.5341119600878811,0
20347,106,72687.27,3.8617021276595747,31.74952830188679,0.08490566037735849,50.529622641509434,1,2.04805518303611,0.7863197676380473,0
20348,92,67666.03,3.738095238095238,10.42891304347826,0.05434782608695652,30.394565217391307,0,-2.338391251936099,-0.6651705432074966,0
20349,95,60679.77,4.011764705882353,26.617368421052632,0.09473684210526316,45.66357894736842,1,1.0414793093070576,-1.155369044057018,0
20350,106,70480.5,3.802197802197802,11.676603773584906,0.10377358490566038,31.011981132075473,2,-2.0476867848761833,0.6362627512164474,0
20351,94,60608.75,3.7125,37.37787234042553,0.10638297872340426,57.869787234042555,1,3.40040604956813,-1.1448735779602233,-1
20352,92,69366.87,3.7804878048780486,22.85054347826087,0.07608695652173914,44.15239130434782,1,0.4143049716319734,-0.5127318982593432,0
20353,97,67643.9,4.0120481927710845,38.8780412371134,0.09278350515463918,59.92752577319588,1,3.7877144821566415,-0.3792286812179583,-1
20354,93,62054.45,4.057471264367816,19.85043010752688,0.043010752688172046,39.48258064516129,0,-0.37259298768617266,-1.2277451367481522,0
20355,100,63577.01,3.835294117647059,16.525,0.12,37.9615,0,-0.7957465673588161,-0.43894534936564417,0
20356,91,61044.95,3.761904761904762,18.54208791208791,0.07692307692307693,37.1889010989011,0,-0.7457135918489964,-1.345208478388698,0
20357,103,72800.93,3.913978494623656,14.019417475728156,0.05825242718446602,34.402038834951455,2,-1.506110024019341,0.5559075387908085,0
20358,94,72807.28,3.5783132530120483,27.454574468085106,0.10638297872340426,47.496914893617024,1,1.250521200680425,0.035340204543168045,-1
20359,89,65441.29,3.8421052631578947,24.12808988764045,0.10112359550561797,44.89067415730337,1,0.6663391513735663,-1.0907656318370331,0
20360,106,78550.54,3.860215053763441,31.016509433962263,0.07547169811320754,50.28792452830188,1,1.9237643842226588,1.321986701534562,0
20361,104,77594.22,3.905263157894737,11.830480769230768,0.0673076923076923,30.994423076923077,2,-2.083306816344048,1.085899037695491,0
20362,87,59972.340000000004,3.7142857142857144,18.158965517241377,0.10344827586206896,37.29126436781609,0,-0.7529728669762445,-1.6959706080593662,0
20363,101,77046.9,4.0,24.656930693069306,0.1485148514851485,44.55821782178218,1,0.774707461426967,0.8508894985402571,0
20364,102,81551.11,3.8351648351648353,20.37421568627451,0.06862745098039216,41.22656862745098,2,-0.15075676414186479,1.3209792068689088,0
20365,111,75655.94,3.9456521739130435,17.313963963963964,0.16216216216216217,38.130630630630634,2,-0.6245531599528643,1.4831724144749696,-1
20366,81,56114.54,4.028985507246377,22.500617283950618,0.09876543209876543,43.681604938271605,0,0.39467928635537636,-2.5920492099974566,-1
20367,94,61047.76,3.658536585365854,18.59744680851064,0.0851063829787234,38.449893617021274,0,-0.6069379957383267,-1.0891617176384794,0
20368,96,73282.19,3.841463414634146,22.386458333333334,0.125,41.201770833333335,1,0.13376385817990555,0.16778783575987122,0
20369,92,69106.63,3.7948717948717947,19.14108695652174,0.10869565217391304,37.30684782608696,0,-0.6368812982681566,-0.506956754387866,0
20370,108,70668.55,3.870967741935484,14.680462962962963,0.10185185185185185,34.36296296296296,2,-1.3764237163354553,0.7734140023003203,0
20371,88,58766.92,3.911392405063291,25.064204545454547,0.10227272727272728,45.23818181818182,0,0.8207893206009801,-1.8022208300940807,0
20372,107,76209.06999999999,4.010526315789473,24.63607476635514,0.08411214953271028,44.60644859813085,1,0.7079420187067972,1.1464360087821095,0
20373,88,63890.93,3.9125,27.490454545454543,0.06818181818181818,48.36386363636363,1,1.344281065697633,-1.3615114300126925,0
20374,90,63549.27,4.011904761904762,28.787444444444443,0.044444444444444446,47.800555555555555,1,1.4083960927522108,-1.300414988629866,0
20375,97,68016.6,3.967032967032967,14.76422680412371,0.05154639175257732,36.69247422680412,0,-1.195971054571417,-0.3458207871200542,0
20376,104,66763.91,3.935483870967742,15.889807692307691,0.09615384615384616,36.19673076923077,2,-1.059844463893532,0.09554997513483955,0
20377,90,62189.13,3.8625,24.96622222222222,0.1,45.08733333333333,1,0.7831381641145129,-1.3273494353004642,0
20378,106,71127.65,3.78494623655914,15.104528301886791,0.11320754716981132,35.270471698113205,2,-1.2400055896828064,0.70651610677353,0
20379,106,83291.44,3.8043478260869565,20.519811320754716,0.07547169811320754,40.232358490566035,2,-0.2290649995376292,1.7880650353579104,0
20380,90,62669.11,3.8607594936708862,12.155999999999999,0.1,31.599444444444444,0,-1.9517265088921056,-1.2697901846553425,0
20381,103,73786.15,4.0989010989010985,17.792427184466018,0.08737864077669903,36.78708737864078,2,-0.803271190903449,0.6150972498730348,0
20382,78,52346.91,4.044117647058823,10.115512820512821,0.10256410256410256,30.37653846153846,0,-2.2681211157351093,-3.1476364102454673,-1
20383,95,61634.55,3.8846153846153846,23.72484210526316,0.1368421052631579,46.66505263157895,1,0.879568054333832,-0.9883693113408923,0
20384,104,71646.38,3.7954545454545454,24.048846153846153,0.11538461538461539,44.69326923076923,1,0.6687619985905455,0.5995508515857952,0
20385,118,89099.64,4.0,15.09,0.07627118644067797,37.472966101694915,2,-1.039197787891813,3.1434965100237595,-1
20386,105,71362.13,4.03125,18.958571428571428,0.05714285714285714,40.006190476190476,2,-0.3888369437921301,0.5265729461594494,0
20387,110,73047.23,3.8777777777777778,28.05,0.16363636363636364,47.357000000000006,1,1.4462433057848532,1.1805817887079872,-1
20388,111,83738.76,3.8979591836734695,17.613693693693694,0.05405405405405406,39.09585585585586,2,-0.6557408446248045,2.1469665018454154,0
20389,103,66357.06,3.7362637362637363,15.805339805825243,0.0970873786407767,35.48378640776699,2,-1.1703761391667797,0.04612337357646993,0
20390,97,63883.46,3.9518072289156625,21.16061855670103,0.10309278350515463,41.85845360824742,0,0.07910117525386318,-0.6829191952444129,0
20391,100,72132.41,3.7613636363636362,23.9379,0.09,44.727700000000006,1,0.6139403781259863,0.34144323481932526,0
20392,100,72847.83,3.8181818181818183,22.096799999999998,0.07,41.675399999999996,2,0.08601626587560915,0.3744589892619373,0
20393,108,80075.09,3.89,28.975277777777777,0.07407407407407407,49.747314814814814,1,1.658544935732924,1.599747364186043,0
20394,93,61185.54,3.7976190476190474,13.008494623655913,0.053763440860215055,32.47451612903226,0,-1.833003621311741,-1.2138365828946065,0
20395,82,52608.659999999996,4.0,15.733048780487804,0.10975609756097561,35.75707317073171,0,-1.1139127153389408,-2.818758229418862,-1
20396,107,76882.02,3.8222222222222224,16.87,0.11214953271028037,37.55822429906542,2,-0.8230353849906107,1.2982615516080531,0
20397,85,56558.8,3.7866666666666666,25.012352941176474,0.07058823529411765,47.11670588235294,0,0.9491068818402166,-2.216489081136449,0
20398,125,78230.17,3.9357798165137616,29.46344,0.08,49.68336,1,1.7539388499843076,2.653490860286652,-1
20399,81,57696.03,4.243243243243243,17.822716049382716,0.04938271604938271,39.38567901234568,0,-0.5760087584244947,-2.5505296100437906,-1
20400,101,67736.92,3.9080459770114944,20.35386138613861,0.0891089108910891,38.57475247524753,0,-0.36864555921917513,-0.033983110428429726,0
20401,95,68475.29,3.9012345679012346,23.12484210526316,0.11578947368421053,42.35515789473684,1,0.33297632076156947,-0.37731690140441393,0
20402,99,68484.72,3.9871794871794872,13.089090909090908,0.15151515151515152,33.77747474747475,0,-1.5357771512922838,-0.06994500515008903,0
20403,113,80406.6,3.797979797979798,28.124601769911504,0.08849557522123894,48.82778761061947,1,1.4899674647089534,2.0348402803534436,0
20404,109,74303.67,3.704081632653061,24.341009174311928,0.07339449541284404,44.40146788990826,2,0.6064725574240282,1.197318113801373,0
20405,96,67113.09,4.0,22.535,0.10416666666666667,41.52677083333334,1,0.1884951927280633,-0.4706092186307219,0
20406,101,64569.58,3.9130434782608696,24.668217821782175,0.0594059405940594,45.759702970297035,1,0.7932854966906505,-0.36101637868298575,0
20407,89,69269.68,3.8641975308641974,29.14303370786517,0.0449438202247191,47.031235955056175,1,1.3338058537442747,-0.7982632742283794,0
20408,112,77697.67,3.96,11.995357142857143,0.08035714285714286,32.64035714285714,2,-1.8550395777437727,1.6708926233634767,0
20409,85,49303.03,3.7837837837837838,15.20705882352941,0.08235294117647059,35.08952941176471,0,-1.2922812363709004,-2.8671167291527464,0
20410,105,74355.32,3.6263736263736264,12.9,0.11428571428571428,33.40419047619048,2,-1.6916173018064329,0.983614222661019,0
20411,97,71018.49,3.7790697674418605,10.079793814432989,0.10309278350515463,30.532061855670104,2,-2.2868393594154734,0.040761078836570944,0
20412,124,78907.87,3.9734513274336285,27.078629032258064,0.08870967741935484,45.986532258064514,2,1.135565783079986,2.64303894146065,0
20413,100,73398.37,3.7222222222222223,17.7722,0.08,37.571799999999996,2,-0.7914764432694633,0.4675295464680883,0
20414,95,66592.26,3.802469135802469,25.149263157894737,0.12631578947368421,45.682421052631575,1,0.8922901385736506,-0.5148148219564321,0
20415,94,66573.58,4.011764705882353,29.34723404255319,0.0851063829787234,48.25840425531915,1,1.5701743714967047,-0.6932482389007842,0
20416,94,63777.28,3.941860465116279,25.151489361702126,0.07446808510638298,45.543297872340425,1,0.8324781330907057,-0.9374175382831743,0
20417,98,65226.32,3.7555555555555555,23.743061224489797,0.07142857142857142,43.73581632653061,1,0.47372967372640956,-0.4584251228480666,0
20418,108,71435.19,3.9130434782608696,11.12675925925926,0.1388888888888889,31.105555555555558,2,-2.0315172384680924,0.8691098603817105,0
20419,99,68443.61,4.094117647058823,21.074545454545454,0.13131313131313133,42.980000000000004,1,0.23923860680998502,-0.1323360769967872,0
20420,95,61507.32,3.8045977011494254,19.783368421052632,0.06315789473684211,37.902842105263154,0,-0.5472545652656071,-1.038650215745983,0
20421,108,69982.1,3.8383838383838382,20.09175925925926,0.06481481481481481,40.66703703703703,2,-0.21064088104445494,0.6802176772863395,0
20422,102,65532.07,3.904255319148936,11.16735294117647,0.058823529411764705,32.02823529411765,0,-2.039434255481924,-0.1840603150882119,0
20423,98,67730.37,3.875,28.709183673469386,0.07142857142857142,50.31275510204081,1,1.6855635069917478,-0.26741797023248615,0
20424,113,80516.49,4.040404040404041,25.98061946902655,0.09734513274336283,45.50451327433628,1,0.967122619964584,1.9827988678108175,0
20425,90,62446.79,4.0,20.740666666666666,0.07777777777777778,41.68344444444444,0,-0.020689535767277414,-1.3611541290511486,0
20426,97,63089.33,3.8372093023255816,18.143298969072166,0.08247422680412371,38.334123711340204,0,-0.6424445216534675,-0.737974556638501,0
20427,115,78709.56999999999,3.836734693877551,14.205565217391303,0.12173913043478261,33.22930434782609,2,-1.522297199520413,2.0553924950446345,0
20428,89,62171.46,4.08641975308642,25.927191011235955,0.056179775280898875,44.51887640449438,0,0.7961869002181325,-1.5093529100537102,0
20429,105,70885.69,3.705263157894737,21.200190476190475,0.08571428571428572,41.156190476190474,2,-0.043060645238208295,0.6044180426473191,0
20430,88,61449.76,3.7848101265822787,19.90818181818182,0.09090909090909091,39.88011363636363,0,-0.3094326861107863,-1.5210508549631323,0
20431,111,70367.03,3.8979591836734695,25.491711711711712,0.08108108108108109,45.3445045045045,1,0.8721432826592374,0.9255061427943538,0
20432,93,59510.7,3.808988764044944,29.293440860215053,0.03225806451612903,49.69827956989247,1,1.6266402825353676,-1.4081093477091002,0
20433,99,74571.48,3.951219512195122,18.58727272727273,0.15151515151515152,39.01989898989899,2,-0.43473845484608425,0.4995502491506765,0
20434,108,79874.2,3.8469387755102042,28.70287037037037,0.08333333333333333,49.06527777777778,1,1.5659284242177944,1.6028840780223037,0
20435,115,73636.7,3.8425925925925926,21.73991304347826,0.043478260869565216,43.58582608695652,2,0.24390624420605297,1.503980716469201,0
20436,99,72726.24,3.7325581395348837,9.868484848484849,0.1111111111111111,28.17161616161616,2,-2.548556632901159,0.36610009064115856,0
20437,112,73230.01,3.91,21.916249999999998,0.09821428571428571,42.74294642857143,2,0.25081747038405056,1.2786295083199062,0
20438,98,60593.86,3.791208791208791,24.10214285714286,0.030612244897959183,45.2523469387755,1,0.6279289919250487,-0.936334918680811,0
20439,104,70418.93,3.838709677419355,19.199134615384615,0.09615384615384616,37.7125,2,-0.5775699953138196,0.4604530171633105,0
20440,93,60944.89,3.977272727272727,12.276881720430108,0.03225806451612903,33.83344086021505,0,-1.771134069768438,-1.3094830926542929,0
20441,95,58851.23,3.8536585365853657,36.36757894736842,0.07368421052631578,57.32347368421052,1,3.2203007207704046,-1.3065630736599005,-1
20442,95,66346.09,3.963855421686747,19.20957894736842,0.07368421052631578,38.78115789473684,0,-0.4884732995443624,-0.6282159604304068,0
20443,103,71965.5,3.9545454545454546,25.466310679611652,0.11650485436893204,45.29854368932039,1,0.9003804144134014,0.5087201047630396,0
20444,89,58247.86,4.053333333333334,19.08505617977528,0.12359550561797752,39.44067415730337,0,-0.3529487943005268,-1.795057546811434,-1
20445,104,70232.1,4.032967032967033,24.431634615384613,0.09615384615384616,44.40442307692308,1,0.6890797070130937,0.37948188178010345,0
20446,92,70634.56,3.7721518987341773,28.876521739130432,0.10869565217391304,49.292391304347824,1,1.6147671425521286,-0.3685394289688651,0
20447,90,61968.37,3.9523809523809526,37.986444444444444,0.03333333333333333,58.91922222222222,1,3.4999834092170854,-1.4485882158681913,-1
20448,102,65820.68000000001,3.879120879120879,17.032745098039214,0.049019607843137254,37.673921568627456,0,-0.8595263032297499,-0.16438393478964783,0
20449,93,63766.25,3.976470588235294,21.828279569892473,0.07526881720430108,42.57354838709678,0,0.18205867233829584,-1.0175000816575137,0
20450,85,57538.63,4.0,17.49023529411765,0.07058823529411765,36.88623529411765,0,-0.8676659828920057,-2.181730563116009,0
20451,113,78014.96,3.7419354838709675,21.743274336283182,0.09734513274336283,40.73460176991151,2,-0.0063525027492006385,1.8447360140830074,0
20452,114,73397.43,4.141414141414141,25.703070175438597,0.11403508771929824,46.29692982456141,1,1.070714642399331,1.380729963912549,1
20453,110,79404.13,3.9902912621359223,21.796818181818182,0.045454545454545456,41.94836363636363,2,0.08325460369183717,1.6335028665249056,-1
20454,82,58953.08,3.8472222222222223,19.86890243902439,0.0975609756097561,40.26536585365854,0,-0.26372521045017405,-2.200361776236861,0
20455,108,73239.45,3.8020833333333335,24.141018518518518,0.08333333333333333,44.22490740740741,1,0.5938795984552339,1.006067052868814,0
20456,85,49088.04,4.136363636363637,18.220235294117646,0.11764705882352941,36.12811764705882,0,-0.7746974325394079,-2.962877774713173,-1
20457,99,70637.73,3.880952380952381,28.694949494949498,0.12121212121212122,49.778383838383846,1,1.6916894736700374,0.11844768573177912,0
20458,103,69786.74,3.96875,13.170970873786407,0.05825242718446602,33.09135922330097,2,-1.717544082032605,0.26113566853229087,0
20459,106,69719.66,3.74468085106383,21.160283018867922,0.08490566037735849,40.85858490566038,2,-0.06961868156597945,0.556468980903417,0
20460,105,75404.83,3.5869565217391304,12.674666666666665,0.11428571428571428,32.42590476190476,2,-1.8238539230116135,1.0930753068281376,0
20461,90,62170.57,4.048780487804878,21.862444444444442,0.06666666666666667,42.562555555555555,0,0.1801084344192791,-1.4125732885372908,0
20462,102,76070.61,3.9213483146067416,12.143039215686274,0.10784313725490197,30.472352941176467,2,-2.0507695776552,0.8318174613521665,0
20463,95,61174.15,3.9220779220779223,14.010315789473685,0.1368421052631579,34.47031578947368,0,-1.3913975869629887,-1.032258668187343,0
20464,107,75167.98,4.032258064516129,22.024766355140187,0.102803738317757,41.336168224299065,2,0.12602985948709286,1.0632564746179547,0
20465,99,71581.25,3.897727272727273,28.836262626262627,0.1111111111111111,48.09070707070707,1,1.518906234368885,0.1918967821225559,0
20466,113,72772.11,3.8857142857142857,16.79230088495575,0.061946902654867256,36.46867256637168,2,-0.9819683260748884,1.2880658646579972,0
20467,101,73919.53,3.8068181818181817,18.26831683168317,0.1188118811881188,38.61207920792079,2,-0.5681587202298051,0.5979249131688733,0
20468,101,68235.28,3.788235294117647,17.63831683168317,0.10891089108910891,37.577128712871286,2,-0.7467750221315281,0.06845965830998062,0
20469,116,74807.25,3.8762886597938144,24.193362068965516,0.14655172413793102,44.928620689655176,1,0.778665984017046,1.7671442827255677,0
20470,82,57430.9,3.8450704225352115,19.97548780487805,0.07317073170731707,40.10756097560976,0,-0.29859235007143,-2.363125215983896,0
20471,100,72998.25,3.892857142857143,26.3352,0.14,47.724700000000006,1,1.2569301390483638,0.4255547871146104,0
20472,102,68449.53,3.723404255319149,22.20980392156863,0.049019607843137254,41.807156862745096,2,0.08239433317111955,0.1211221304884196,0
20473,90,62313.02,3.7662337662337664,13.466666666666667,0.1111111111111111,33.978,0,-1.566484827043067,-1.2657962434368009,0
20474,93,68180.93,3.688311688311688,22.13268817204301,0.15053763440860216,41.33698924731183,1,0.13641569467766124,-0.4530688293737735,0
20475,97,67769.0,3.8941176470588235,25.06845360824742,0.09278350515463918,45.0538144329897,1,0.7894230617932216,-0.3186539077970443,0
20476,93,57864.73,4.011494252873563,22.517741935483873,0.053763440860215055,43.865698924731184,0,0.3748859125681137,-1.5953135084834644,0
20477,94,64342.35,3.9634146341463414,20.995425531914893,0.09574468085106383,39.76925531914893,0,-0.1694841713470789,-0.8676304859018905,0
20478,93,62436.92,3.788235294117647,24.32494623655914,0.08602150537634409,45.468709677419355,1,0.732670228833456,-1.0769011653300071,0
20479,104,68235.85,3.8333333333333335,16.693076923076923,0.057692307692307696,35.92336538461539,2,-1.0716743290748902,0.22683021537472034,0
20480,105,76030.35,3.6526315789473682,14.56990476190476,0.0761904761904762,35.759142857142855,2,-1.3225996734208443,1.0942839333445453,0
20481,98,67632.99,4.021978021978022,15.849387755102041,0.05102040816326531,35.235510204081635,0,-1.2242617959553943,-0.32620967407989065,0
20482,93,62791.0,3.9746835443037973,29.12193548387097,0.0967741935483871,49.5847311827957,1,1.698937112161377,-1.0946308719622837,0
20483,97,60632.95,3.764705882352941,15.255979381443298,0.10309278350515463,35.391752577319586,0,-1.2272713010856113,-0.9221490775456693,0
20484,109,76601.03,3.917525773195876,32.94522935779817,0.08256880733944955,54.66688073394495,1,2.60545916369623,1.3458560129093033,0
20485,102,68315.12,3.760869565217391,27.062058823529412,0.0784313725490196,46.47578431372549,1,1.1162662544276856,0.11970951059799914,0
20486,114,78000.0,3.895238095238095,14.121052631578946,0.043859649122807015,35.221315789473685,2,-1.4192952392482558,1.8278377064342712,0
20487,115,71359.35,3.8118811881188117,18.179130434782607,0.06956521739130435,39.696782608695656,2,-0.49659126211040355,1.3295883335369847,0
20488,114,76104.78,3.96,26.212456140350877,0.09649122807017543,46.47482456140351,1,1.089250472495889,1.6694993993029927,0
20489,107,67689.64,3.902173913043478,28.300093457943927,0.12149532710280374,47.46289719626168,1,1.4348423543273674,0.4204198718805353,0
20490,106,74351.72,3.7916666666666665,13.740754716981131,0.09433962264150944,32.82877358490566,2,-1.6647445188630519,0.9875360767177009,0
20491,109,69619.62,4.122222222222222,22.06192660550459,0.12844036697247707,42.292293577981646,1,0.2888360901509314,0.6905054280995455,1
20492,117,77782.94,3.81,20.69350427350427,0.1111111111111111,39.98341880341881,2,-0.1577856998631602,2.1065725090927083,0
20493,70,47406.46,3.8666666666666667,14.304,0.11428571428571428,35.622,0,-1.3042857215575634,-4.126160931130078,-1
20494,102,73123.12,4.125,16.059901960784313,0.049019607843137254,36.05088235294118,2,-1.107695500235866,0.4396081574425608,0
20495,92,71400.14,3.823529411764706,12.244347826086956,0.07608695652173914,32.16565217391304,0,-1.931632965636743,-0.3266422704682981,0
20496,100,65844.53,3.9885057471264367,36.4415,0.09,55.3604,1,3.062394813199467,-0.3209230673069207,0
20497,97,75092.44,4.068965517241379,19.663195876288658,0.07216494845360824,42.134948453608246,2,-0.09214033986476505,0.2932394617667957,0
20498,95,61037.28,3.728395061728395,19.117263157894737,0.09473684210526316,38.934105263157896,0,-0.47818185024318444,-1.0302071354489248,0
20499,100,77376.72,3.75,31.9037,0.09,51.843500000000006,1,2.1713453096827795,0.8232601595536907,0
20500,96,62525.51,3.9875,14.792291666666666,0.10416666666666667,35.703541666666666,0,-1.2161231612189636,-0.8848948108934392,0
