driver_id,driver_age,vehicle_type,experience_years,rating,city,total_completed_deliveries,avg_delivery_time_min,acceptance_rate,active_hours_per_week
30001,47,Bike,3.2,4.22,Hyderabad,2141,28.06,0.86,52.3
30002,44,Scooter,8.2,4.16,Chennai,4638,42.3,0.89,17.8
30003,47,Bike,8.5,5.0,Bangalore,5072,40.64,0.9,37.4
30004,51,Bike,8.2,4.55,Mumbai,2768,37.81,0.86,31.2
30005,35,Bike,6.6,4.25,Chennai,3068,47.78,0.87,27.4
30006,44,Bike,3.4,3.19,Delhi,1106,21.77,0.77,49.2
30007,37,Bike,6.5,4.15,Mumbai,3660,31.72,0.74,54.6
30008,54,Bike,9.6,4.85,Delhi,4759,25.51,0.88,23.8
30009,21,Bike,6.7,4.23,Delhi,3219,48.04,0.82,18.5
30010,40,Bike,9.6,4.49,Hyderabad,6347,43.92,0.87,31.9
30011,26,Bike,3.4,4.34,Pune,2026,36.57,0.85,34.8
30012,25,Scooter,8.5,4.03,Delhi,5828,36.51,0.79,17.4
30013,49,Bike,7.3,4.79,Chennai,2325,27.09,0.8,36.2
30014,26,Bike,8.3,4.27,Chennai,4534,36.28,0.71,57.8
30015,53,Bike,7.3,3.95,Chennai,4030,26.61,0.84,32.4
30016,49,Scooter,5.1,4.21,Pune,1584,47.13,0.77,55.5
30017,30,Bike,7.0,4.7,Bangalore,4303,39.66,0.89,53.2
30018,52,Car,9.4,3.68,Pune,3397,44.21,0.84,34.6
30019,45,Bike,4.5,4.29,Hyderabad,2612,27.18,0.88,46.8
30020,48,Bike,9.5,4.23,Pune,2993,37.13,0.87,24.4
30021,49,Bike,1.0,3.66,Hyderabad,545,26.84,0.9,21.1
30022,52,Bike,0.6,4.47,Chennai,304,30.0,0.9,15.1
30023,27,Scooter,5.2,4.29,Bangalore,2565,44.89,0.82,18.3
30024,30,Bike,8.6,4.51,Pune,3841,34.03,0.9,43.3
30025,54,Scooter,2.9,4.6,Delhi,1357,31.97,0.93,54.8
30026,53,Scooter,7.1,4.18,Delhi,3484,38.03,0.83,59.0
30027,46,Scooter,5.7,4.01,Delhi,2388,48.51,0.91,36.7
30028,33,Scooter,3.3,3.7,Hyderabad,2224,38.75,0.87,21.3
30029,50,Scooter,3.2,3.97,Delhi,2195,40.73,0.9,15.0
30030,52,Bike,1.2,4.2,Bangalore,503,33.54,0.9,59.3
30031,53,Bike,5.6,3.86,Bangalore,3424,33.9,0.94,51.8
30032,26,Bike,4.8,4.4,Pune,2883,20.0,0.71,38.6
30033,22,Bike,3.2,3.88,Pune,2080,24.05,0.91,26.1
30034,27,Bike,9.7,3.58,Delhi,2924,48.09,0.9,38.3
30035,50,Scooter,8.3,4.0,Hyderabad,3612,38.68,0.96,52.7
30036,46,Scooter,5.5,4.26,Mumbai,1968,39.8,0.88,40.0
30037,45,Bike,5.5,3.76,Chennai,2509,32.22,0.91,59.8
30038,53,Bike,2.3,3.89,Delhi,1219,35.52,0.84,19.8
30039,26,Bike,6.7,3.98,Delhi,4445,39.08,0.78,59.2
30040,28,Bike,9.6,4.03,Pune,6104,44.58,0.85,41.3
30041,29,Bike,9.0,4.3,Chennai,4496,43.24,0.84,40.6
30042,31,Bike,1.3,4.42,Mumbai,402,34.56,0.87,31.2
30043,44,Bike,1.0,4.03,Pune,420,40.68,1.0,16.8
30044,26,Bike,9.6,3.84,Delhi,3289,35.73,0.87,49.2
30045,36,Bike,2.4,4.25,Delhi,1344,38.31,0.85,27.4
30046,37,Bike,5.7,4.38,Mumbai,3295,42.98,0.85,30.8
30047,44,Bike,1.2,4.76,Chennai,671,40.88,0.89,39.0
30048,27,Bike,8.5,4.6,Bangalore,3484,31.89,0.86,17.6
30049,47,Bike,1.6,3.76,Delhi,1068,39.6,0.87,15.5
30050,30,Scooter,6.6,4.15,Delhi,3533,48.89,0.84,19.7
30051,29,Scooter,1.0,4.36,Pune,538,24.58,0.91,48.1
30052,30,Bike,2.0,3.9,Hyderabad,1252,35.02,0.78,23.6
30053,50,Bike,5.4,4.08,Mumbai,1769,28.01,0.82,38.1
30054,29,Bike,0.9,4.44,Delhi,345,35.95,0.95,23.4
30055,46,Bike,2.4,4.29,Hyderabad,1285,40.29,0.83,27.8
30056,54,Bike,1.8,4.2,Pune,979,30.7,0.78,16.7
30057,47,Bike,0.9,3.97,Pune,438,28.51,0.86,31.5
30058,40,Bike,9.7,3.69,Bangalore,5936,45.93,0.81,21.1
30059,44,Car,4.8,4.09,Mumbai,2103,37.96,0.76,40.1
30060,47,Car,8.7,4.17,Bangalore,2649,42.35,0.92,52.6
30061,39,Scooter,3.9,3.69,Hyderabad,1700,41.15,0.81,54.5
30062,38,Scooter,0.9,4.22,Pune,617,28.85,0.86,57.0
30063,32,Bike,7.1,4.34,Chennai,4342,42.18,0.84,20.6
30064,38,Scooter,0.9,3.96,Pune,384,31.2,0.82,38.2
30065,28,Bike,5.8,4.34,Mumbai,2256,30.12,0.82,20.2
30066,36,Car,1.8,4.3,Chennai,1123,42.18,0.85,28.8
30067,33,Scooter,6.9,4.09,Hyderabad,2621,25.01,0.94,25.4
30068,46,Bike,9.0,4.05,Mumbai,4788,27.25,0.88,15.6
30069,46,Scooter,9.6,4.08,Delhi,4830,31.68,0.97,56.9
30070,41,Bike,5.5,3.9,Hyderabad,2579,23.29,0.81,50.2
30071,41,Bike,5.6,4.32,Pune,2634,35.48,0.86,38.4
30072,28,Car,0.9,3.9,Hyderabad,522,31.31,0.75,30.5
30073,53,Bike,7.8,3.93,Bangalore,2660,36.86,0.9,33.5
30074,26,Scooter,9.6,4.37,Chennai,4397,48.2,0.93,24.2
30075,22,Bike,4.7,4.12,Pune,3230,26.52,0.91,58.6
30076,28,Bike,8.0,4.22,Pune,4890,25.19,0.92,27.8
30077,26,Scooter,8.1,3.6,Mumbai,2498,31.83,0.85,18.4
30078,26,Car,8.0,4.02,Pune,3830,29.1,0.89,40.4
30079,42,Bike,7.7,4.79,Mumbai,2670,34.96,0.92,48.7
30080,45,Bike,2.5,3.58,Delhi,1234,46.36,0.94,58.7
30081,51,Scooter,7.6,4.81,Mumbai,2594,47.55,0.85,43.0
30082,25,Scooter,1.9,4.29,Delhi,865,31.42,0.8,23.3
30083,42,Scooter,7.3,4.01,Mumbai,3781,28.45,0.96,32.6
30084,45,Scooter,0.5,4.13,Pune,223,28.6,0.86,29.2
30085,38,Scooter,9.2,4.63,Bangalore,4889,37.47,0.85,15.9
30086,29,Bike,8.4,3.4,Pune,5829,34.74,0.79,32.6
30087,45,Bike,7.0,4.7,Hyderabad,2788,35.55,0.84,51.0
30088,49,Bike,1.4,4.29,Mumbai,736,31.24,0.82,33.2
30089,53,Scooter,8.3,4.55,Hyderabad,4054,36.17,0.78,53.3
30090,28,Car,8.8,3.59,Chennai,5488,48.66,0.78,48.4
30091,33,Scooter,7.0,4.12,Hyderabad,2981,44.11,0.9,47.4
30092,28,Scooter,9.8,3.39,Chennai,5441,51.63,0.83,32.1
30093,47,Scooter,1.4,4.62,Mumbai,808,35.75,0.86,17.4
30094,23,Bike,7.2,3.86,Bangalore,4969,26.74,0.83,54.7
30095,53,Bike,5.5,3.85,Bangalore,1982,20.26,0.78,43.7
30096,51,Bike,1.9,3.52,Hyderabad,1328,39.26,0.95,19.1
30097,48,Car,6.8,4.36,Bangalore,4001,24.96,0.87,18.7
30098,41,Car,8.1,4.23,Chennai,3908,47.25,0.91,42.6
30099,49,Scooter,2.1,3.94,Bangalore,851,35.09,0.88,34.0
30100,49,Bike,8.0,4.29,Bangalore,4411,33.08,0.84,23.6
30101,29,Scooter,1.4,3.93,Pune,499,34.81,0.81,25.8
30102,42,Bike,6.1,3.58,Pune,4140,36.74,0.72,32.4
30103,28,Scooter,8.1,4.07,Bangalore,3027,41.5,0.69,48.8
30104,37,Bike,1.9,4.78,Delhi,1158,34.47,0.92,23.9
30105,43,Bike,5.9,4.54,Delhi,2584,36.2,0.93,46.6
30106,50,Bike,4.5,4.36,Hyderabad,1738,38.74,0.95,23.1
30107,35,Scooter,6.3,4.29,Pune,3927,36.42,0.84,49.4
30108,34,Scooter,4.5,4.07,Mumbai,2948,24.34,0.8,55.5
30109,45,Bike,2.9,4.46,Pune,876,31.54,0.9,34.9
30110,36,Scooter,2.9,4.4,Mumbai,2000,42.72,0.95,43.9
30111,38,Scooter,8.7,4.17,Chennai,4078,47.14,0.99,27.0
30112,52,Scooter,2.0,4.27,Chennai,676,46.27,0.83,56.7
30113,35,Scooter,1.7,3.64,Hyderabad,818,38.97,0.93,34.2
30114,53,Bike,1.4,4.03,Delhi,486,32.11,0.89,37.4
30115,33,Car,1.2,3.78,Bangalore,484,44.66,0.85,26.8
30116,27,Bike,0.6,3.78,Delhi,313,32.67,0.8,23.7
30117,39,Bike,2.0,4.36,Pune,887,31.7,0.95,25.2
30118,41,Scooter,2.3,3.76,Delhi,899,38.15,0.94,36.4
30119,29,Bike,3.1,4.47,Pune,1173,20.0,0.84,21.2
30120,24,Car,1.7,4.56,Hyderabad,942,35.26,0.91,32.5
30121,51,Scooter,1.4,4.18,Delhi,929,35.44,0.9,32.2
30122,27,Bike,5.6,3.99,Mumbai,1806,34.02,0.9,34.5
30123,33,Car,7.3,4.56,Delhi,2903,33.94,0.78,34.0
30124,28,Scooter,6.5,4.39,Mumbai,3680,45.49,0.78,27.3
30125,46,Scooter,5.8,4.62,Chennai,4030,23.63,0.84,31.5
30126,47,Bike,4.7,3.82,Chennai,2690,38.05,0.88,55.6
30127,46,Scooter,6.5,4.11,Pune,2086,39.48,0.99,16.7
30128,34,Bike,9.1,4.12,Hyderabad,3381,46.47,0.73,19.0
30129,40,Bike,6.5,4.27,Bangalore,2853,37.34,0.94,56.8
30130,48,Scooter,1.1,4.42,Delhi,399,38.63,0.75,27.2
30131,28,Car,5.9,4.25,Bangalore,2200,34.91,0.87,28.7
30132,25,Bike,5.5,4.67,Mumbai,2252,37.21,0.7,30.5
30133,33,Bike,4.8,4.07,Bangalore,2155,35.09,0.96,19.7
30134,22,Scooter,5.9,3.83,Delhi,2694,26.63,0.87,49.6
30135,34,Scooter,6.9,3.97,Pune,3448,37.09,0.88,22.3
30136,23,Bike,0.9,3.92,Bangalore,604,36.72,0.92,46.6
30137,36,Scooter,5.1,4.04,Bangalore,3556,30.94,0.83,25.5
30138,29,Bike,8.3,4.11,Bangalore,2555,36.8,0.71,45.7
30139,22,Bike,5.5,4.12,Hyderabad,2736,44.04,0.71,58.7
30140,31,Bike,1.1,4.28,Bangalore,660,32.88,0.89,37.9
30141,44,Bike,7.9,4.04,Delhi,2601,47.11,0.83,29.4
30142,49,Bike,9.4,4.57,Pune,6358,45.44,0.95,32.0
30143,34,Bike,8.6,3.52,Delhi,5805,29.74,0.85,32.3
30144,42,Bike,3.9,3.42,Bangalore,1495,31.15,0.9,20.6
30145,54,Scooter,5.6,4.55,Hyderabad,3440,33.76,0.92,51.8
30146,53,Scooter,6.1,4.52,Mumbai,3248,26.09,0.92,32.1
30147,38,Scooter,7.3,4.63,Bangalore,2288,28.49,0.83,47.3
30148,42,Bike,6.8,4.42,Hyderabad,2848,20.0,0.86,27.2
30149,45,Bike,2.4,4.2,Chennai,972,39.48,0.92,31.0
30150,25,Car,8.5,4.11,Delhi,5541,40.18,0.87,54.9
30151,52,Scooter,8.6,3.64,Chennai,5667,24.08,0.71,34.1
30152,29,Scooter,4.3,4.25,Delhi,1349,24.37,0.68,30.9
30153,34,Bike,1.7,3.7,Mumbai,1014,34.51,0.8,29.1
30154,52,Bike,6.3,5.0,Pune,2192,35.59,0.93,55.2
30155,29,Bike,3.9,3.84,Hyderabad,2403,43.81,0.85,34.0
30156,43,Scooter,7.5,4.17,Mumbai,4786,30.23,0.98,54.5
30157,29,Scooter,3.5,4.73,Chennai,1132,30.33,0.91,28.5
30158,41,Scooter,3.0,4.07,Hyderabad,1291,35.79,0.74,59.0
30159,52,Scooter,8.7,4.07,Chennai,3931,43.31,0.93,37.6
30160,30,Car,6.4,3.29,Bangalore,4365,45.59,0.75,22.4
30161,49,Bike,1.3,3.74,Chennai,582,28.34,0.98,34.1
30162,54,Car,7.0,4.4,Mumbai,2816,42.78,0.89,45.7
30163,42,Scooter,7.7,4.79,Mumbai,4218,28.82,0.96,55.0
30164,25,Bike,2.7,3.89,Bangalore,981,22.4,0.89,20.7
30165,31,Scooter,9.7,4.27,Hyderabad,5335,36.54,0.85,40.1
30166,48,Scooter,4.0,5.0,Chennai,1933,43.8,0.86,39.0
30167,44,Bike,9.4,4.4,Pune,5570,33.43,0.78,29.8
30168,54,Bike,3.3,4.54,Chennai,1754,42.71,0.87,33.4
30169,30,Scooter,6.3,3.93,Chennai,2334,29.49,0.86,28.7
30170,46,Bike,5.4,4.74,Hyderabad,3644,35.99,0.89,28.6
30171,27,Bike,9.9,3.96,Mumbai,4747,41.41,0.83,39.0
30172,27,Scooter,4.4,3.9,Bangalore,2630,37.38,0.78,17.7
30173,35,Scooter,2.2,4.72,Pune,1128,33.95,0.85,36.7
30174,23,Bike,8.4,3.98,Hyderabad,5427,30.96,0.78,29.6
30175,46,Bike,0.9,4.2,Bangalore,391,33.19,0.78,35.9
30176,27,Car,8.9,4.77,Delhi,4944,42.35,0.75,58.9
30177,22,Bike,1.6,3.88,Bangalore,530,34.1,0.84,48.4
30178,30,Bike,5.9,4.12,Delhi,1953,23.28,0.86,53.8
30179,50,Scooter,7.3,3.99,Bangalore,4653,36.83,0.81,31.7
30180,23,Bike,3.7,4.08,Delhi,2321,34.89,0.88,46.8
30181,49,Scooter,8.5,4.21,Chennai,3771,37.7,0.84,35.8
30182,45,Bike,6.1,4.67,Pune,3479,34.14,0.82,41.9
30183,24,Scooter,4.3,4.77,Hyderabad,2715,34.27,0.94,34.7
30184,25,Scooter,3.6,4.25,Chennai,1287,40.99,0.8,20.9
30185,26,Car,1.6,3.95,Mumbai,1110,50.86,0.82,57.6
30186,39,Scooter,6.6,4.44,Hyderabad,4318,33.79,0.87,46.8
30187,38,Bike,4.0,4.2,Chennai,2305,41.93,0.91,42.0
30188,32,Bike,3.5,4.21,Bangalore,1810,25.5,0.77,40.2
30189,44,Bike,9.5,3.84,Hyderabad,6250,34.48,0.86,47.5
30190,50,Scooter,3.1,3.63,Bangalore,1846,33.09,0.84,39.0
30191,34,Scooter,8.8,4.19,Chennai,4698,26.67,0.91,24.7
30192,22,Car,9.8,3.83,Hyderabad,6435,38.53,0.8,15.3
30193,54,Bike,8.3,4.01,Chennai,3189,41.76,0.85,32.2
30194,40,Bike,0.7,4.72,Mumbai,278,38.55,0.98,40.4
30195,43,Bike,8.8,4.18,Chennai,5913,35.71,0.82,31.7
30196,54,Scooter,2.5,4.59,Pune,817,31.86,0.94,39.0
30197,41,Scooter,3.9,4.3,Mumbai,1242,44.83,0.82,44.9
30198,28,Bike,9.9,4.4,Chennai,6106,37.81,0.84,51.4
30199,50,Scooter,4.3,4.01,Hyderabad,2002,32.02,0.82,28.4
30200,40,Bike,6.7,4.6,Bangalore,4465,47.97,0.77,43.5
30201,40,Bike,3.5,4.31,Hyderabad,1470,20.0,0.77,55.1
30202,43,Bike,4.0,4.11,Chennai,1659,35.35,0.9,21.9
30203,40,Car,6.2,4.31,Pune,4233,36.86,0.81,46.1
30204,43,Car,9.5,3.95,Chennai,4954,49.87,0.79,56.2
30205,24,Bike,3.2,4.1,Chennai,1745,33.65,0.8,45.2
30206,30,Bike,2.8,4.18,Delhi,1845,30.95,0.72,19.2
30207,25,Scooter,0.7,4.02,Mumbai,316,38.34,0.8,27.7
30208,52,Scooter,2.4,4.75,Bangalore,957,20.0,0.83,23.5
30209,38,Bike,3.0,4.05,Mumbai,1585,22.14,0.77,56.1
30210,45,Scooter,1.1,4.93,Chennai,510,21.82,0.87,59.6
30211,37,Scooter,5.9,4.22,Chennai,2156,33.85,0.84,34.5
30212,25,Car,1.7,4.12,Mumbai,590,37.79,0.79,55.3
30213,41,Scooter,5.4,4.02,Mumbai,3186,43.82,0.86,21.1
30214,39,Bike,2.3,4.35,Pune,721,38.3,0.85,15.2
30215,43,Scooter,9.4,4.51,Mumbai,4803,32.5,0.91,40.6
30216,25,Bike,3.4,3.31,Delhi,1468,34.85,0.74,59.4
30217,53,Scooter,1.4,4.2,Mumbai,504,38.69,0.97,40.3
30218,24,Scooter,8.4,3.5,Chennai,5512,39.72,0.83,59.1
30219,53,Scooter,4.3,4.54,Bangalore,2563,31.93,0.91,35.3
30220,46,Bike,8.3,4.55,Hyderabad,5056,39.88,0.76,32.2
30221,42,Car,3.5,4.21,Pune,1660,33.79,0.85,56.8
30222,31,Scooter,5.3,4.27,Mumbai,2964,29.74,0.82,17.2
30223,46,Bike,4.7,3.7,Mumbai,1580,34.65,0.88,29.7
30224,33,Bike,5.8,4.01,Mumbai,2063,42.49,0.97,35.0
30225,34,Bike,4.3,3.99,Pune,1844,28.41,0.85,18.9
30226,27,Scooter,5.2,4.04,Bangalore,2512,29.63,0.81,38.3
30227,36,Bike,7.0,4.51,Mumbai,2362,35.9,0.85,31.9
30228,40,Bike,4.4,4.65,Mumbai,2314,42.23,0.67,34.7
30229,47,Bike,7.0,4.41,Pune,2771,30.88,0.82,45.9
30230,54,Scooter,7.3,4.09,Mumbai,4451,41.92,0.68,18.2
30231,42,Scooter,7.6,3.94,Bangalore,2281,41.66,0.93,58.3
30232,23,Bike,5.0,4.23,Hyderabad,3232,37.06,0.92,38.5
30233,47,Car,0.5,4.3,Pune,296,43.31,0.9,52.7
30234,27,Car,7.7,4.12,Pune,3992,31.34,0.78,29.3
30235,43,Bike,9.1,3.97,Chennai,5414,45.54,0.74,29.1
30236,22,Scooter,6.7,4.42,Bangalore,2987,45.45,0.93,55.7
30237,44,Scooter,5.5,4.45,Mumbai,2007,45.03,1.0,20.3
30238,22,Scooter,5.8,3.74,Delhi,1761,39.52,0.9,19.7
30239,37,Bike,6.6,4.07,Bangalore,3428,26.18,0.97,46.4
30240,31,Scooter,10.0,4.47,Mumbai,4167,39.62,0.87,36.0
30241,27,Bike,1.1,4.55,Pune,423,44.94,0.83,47.3
30242,22,Scooter,0.7,4.22,Mumbai,452,20.0,0.99,34.5
30243,35,Scooter,9.7,4.33,Chennai,5723,38.3,0.85,24.5
30244,51,Scooter,4.7,4.29,Bangalore,3271,37.87,0.93,47.2
30245,26,Bike,6.3,4.53,Bangalore,3557,30.41,0.84,16.8
30246,49,Car,7.7,3.81,Pune,5067,21.6,0.83,35.2
30247,24,Scooter,7.5,4.29,Chennai,2605,31.84,0.83,35.6
30248,32,Scooter,6.6,3.89,Pune,3888,38.5,0.88,18.5
30249,47,Bike,5.0,4.58,Delhi,1672,30.65,0.82,25.9
30250,45,Bike,6.0,3.83,Delhi,2026,45.85,1.0,26.7
30251,32,Car,7.4,4.34,Hyderabad,4759,35.2,0.87,55.2
30252,37,Car,8.6,3.89,Hyderabad,3818,35.95,0.84,38.1
30253,32,Bike,1.7,4.46,Chennai,725,33.13,0.8,45.2
30254,51,Bike,3.1,4.35,Pune,1157,32.99,0.9,17.5
30255,29,Bike,4.3,4.28,Bangalore,2124,33.27,0.67,19.7
30256,39,Bike,6.8,4.89,Mumbai,2593,34.8,0.83,40.4
30257,49,Bike,4.3,3.95,Delhi,2215,32.89,0.91,52.6
30258,45,Bike,2.8,4.52,Pune,1579,31.02,0.76,17.4
30259,35,Scooter,0.8,4.61,Bangalore,449,39.71,0.88,59.3
30260,29,Bike,8.5,4.52,Pune,3789,34.18,0.89,54.8
30261,33,Car,4.5,3.96,Hyderabad,2617,41.71,0.83,54.3
30262,23,Scooter,3.6,4.12,Delhi,1463,35.7,0.86,15.4
30263,30,Bike,5.5,3.99,Mumbai,3426,29.43,0.84,33.3
30264,38,Car,1.7,4.1,Pune,510,26.71,0.78,50.8
30265,30,Scooter,4.3,3.91,Hyderabad,2952,34.83,0.99,49.1
30266,48,Bike,7.6,4.07,Mumbai,3598,42.3,0.88,30.6
30267,23,Scooter,7.5,4.71,Hyderabad,3251,45.73,0.84,54.5
30268,40,Bike,7.8,4.09,Mumbai,4288,48.04,0.85,43.6
30269,38,Scooter,4.9,4.24,Pune,3193,42.58,0.92,59.7
30270,40,Scooter,4.0,3.95,Delhi,1764,47.39,0.71,30.1
30271,30,Bike,8.4,4.19,Pune,2755,29.3,0.84,44.0
30272,54,Scooter,2.1,4.49,Chennai,927,38.14,0.75,34.1
30273,42,Scooter,7.4,4.37,Mumbai,2235,29.59,0.91,44.1
30274,41,Bike,8.9,4.7,Delhi,3328,38.26,0.91,26.7
30275,53,Bike,3.2,3.78,Bangalore,1026,41.99,0.83,32.2
30276,36,Car,2.4,3.94,Bangalore,1092,31.63,0.89,57.0
30277,21,Scooter,5.4,4.06,Hyderabad,1749,37.8,0.88,28.0
30278,32,Scooter,2.6,4.73,Pune,1803,35.64,0.98,42.9
30279,33,Scooter,8.8,4.3,Pune,5392,36.86,0.9,56.3
30280,28,Bike,2.8,3.7,Chennai,1309,33.9,0.76,36.6
30281,51,Scooter,3.5,4.58,Hyderabad,2156,25.74,0.79,46.3
30282,25,Scooter,8.9,4.24,Pune,4155,45.05,0.86,48.7
30283,45,Scooter,2.5,4.51,Pune,1397,38.14,0.69,39.5
30284,33,Scooter,8.9,4.75,Mumbai,5594,39.4,0.94,32.1
30285,52,Scooter,2.5,3.86,Chennai,1434,44.75,0.88,51.4
30286,28,Scooter,9.2,4.75,Mumbai,3070,42.01,0.72,39.9
30287,42,Scooter,3.5,4.17,Pune,1110,24.29,0.85,20.2
30288,26,Scooter,2.8,4.06,Delhi,1478,43.44,1.0,54.4
30289,31,Bike,5.0,4.25,Chennai,1892,36.97,0.81,28.4
30290,27,Scooter,4.0,3.78,Bangalore,2774,36.0,0.73,37.2
30291,35,Scooter,2.4,4.19,Delhi,735,38.99,0.81,24.6
30292,24,Scooter,3.7,4.12,Delhi,2217,37.71,0.71,37.2
30293,54,Scooter,7.3,3.87,Mumbai,2313,30.07,0.87,20.8
30294,42,Car,8.4,3.97,Hyderabad,4572,26.4,0.77,40.5
30295,50,Bike,8.3,4.6,Pune,3884,20.0,0.9,38.5
30296,39,Bike,7.7,4.14,Mumbai,4259,41.17,0.87,51.8
30297,50,Scooter,0.6,3.86,Delhi,362,50.16,0.8,40.2
30298,52,Bike,4.6,4.36,Chennai,1441,31.33,0.73,33.4
30299,39,Car,2.1,4.47,Bangalore,1067,42.75,0.87,36.0
30300,45,Bike,1.2,4.2,Delhi,812,28.83,0.86,42.2
30301,43,Bike,7.5,3.77,Hyderabad,2903,31.49,0.73,52.8
30302,32,Car,8.0,3.31,Pune,2647,43.82,0.79,16.9
30303,29,Bike,8.2,3.88,Hyderabad,4988,29.63,0.73,56.7
30304,37,Bike,9.0,4.57,Pune,5369,32.25,0.78,18.8
30305,50,Bike,6.1,4.54,Pune,2781,32.48,0.83,30.5
30306,24,Scooter,10.0,3.92,Chennai,6320,33.35,0.8,30.1
30307,24,Bike,5.1,4.12,Hyderabad,2639,42.48,0.75,38.9
30308,44,Bike,8.9,4.44,Chennai,4362,26.67,0.88,31.0
30309,23,Car,1.6,4.15,Hyderabad,1005,32.32,0.89,24.9
30310,29,Bike,1.9,4.53,Mumbai,644,29.44,0.91,26.0
30311,31,Scooter,6.1,4.17,Pune,2376,20.86,0.98,59.3
30312,52,Bike,1.7,4.37,Bangalore,812,37.34,0.88,52.6
30313,49,Bike,1.2,4.09,Pune,401,33.95,0.77,51.2
30314,54,Scooter,2.4,3.93,Bangalore,1676,20.0,0.8,33.9
30315,54,Bike,8.0,4.61,Delhi,3403,38.92,0.88,57.1
30316,41,Bike,9.3,3.67,Delhi,6315,38.14,0.88,17.8
30317,45,Scooter,3.7,3.99,Mumbai,1812,31.53,0.78,20.6
30318,41,Scooter,9.8,4.17,Pune,6564,26.82,0.92,26.1
30319,40,Scooter,8.2,4.5,Mumbai,3903,34.84,0.76,43.9
30320,44,Bike,2.6,3.89,Bangalore,1627,54.27,0.73,22.5
30321,25,Scooter,6.1,4.24,Delhi,3662,33.38,0.9,30.1
30322,22,Bike,9.8,3.71,Delhi,6651,30.62,0.79,23.0
30323,29,Scooter,8.6,4.35,Pune,4772,31.95,0.81,51.0
30324,28,Scooter,4.0,4.84,Bangalore,1563,24.95,0.8,55.9
30325,52,Scooter,3.4,3.51,Chennai,1756,43.87,0.86,53.3
30326,27,Bike,8.3,3.95,Mumbai,2974,27.64,0.82,16.2
30327,40,Bike,5.7,4.49,Delhi,2473,24.94,0.85,29.3
30328,35,Scooter,2.1,5.0,Bangalore,1292,31.16,0.91,43.7
30329,48,Car,3.6,4.41,Mumbai,1100,45.12,0.81,15.0
30330,51,Bike,6.8,3.94,Pune,3728,40.34,0.89,48.6
30331,42,Scooter,2.0,4.15,Bangalore,1154,32.95,0.97,54.1
30332,44,Bike,7.1,3.77,Pune,4685,31.77,0.76,18.5
30333,54,Bike,7.2,4.48,Chennai,4338,30.74,0.95,34.4
30334,29,Car,3.1,4.57,Pune,1429,30.85,0.77,28.6
30335,22,Car,4.3,4.69,Hyderabad,2606,33.04,0.79,57.6
30336,45,Bike,9.4,4.08,Delhi,5171,41.85,0.73,29.6
30337,32,Bike,7.6,3.92,Pune,4063,29.1,0.8,41.1
30338,24,Bike,8.0,4.72,Pune,2635,49.06,0.88,15.4
30339,33,Scooter,5.4,4.68,Mumbai,2785,42.95,0.91,52.6
30340,49,Bike,2.5,3.85,Bangalore,1617,50.2,0.92,16.3
30341,52,Bike,6.1,4.07,Bangalore,2895,23.33,0.68,40.6
30342,47,Bike,7.8,4.48,Mumbai,4536,31.52,0.71,48.3
30343,50,Bike,0.5,4.11,Delhi,330,37.32,0.87,32.8
30344,21,Car,1.6,4.21,Pune,821,35.36,0.89,16.4
30345,31,Bike,5.0,3.69,Delhi,1676,40.64,0.93,55.5
30346,43,Bike,4.7,3.81,Pune,1511,39.03,0.88,31.5
30347,37,Scooter,9.8,4.17,Bangalore,6067,27.66,0.75,36.0
30348,35,Car,1.4,3.96,Delhi,438,30.15,0.77,51.6
30349,47,Scooter,3.6,3.8,Pune,2518,34.34,0.86,44.7
30350,30,Scooter,8.2,4.09,Hyderabad,2878,24.18,0.73,29.6
30351,36,Car,6.3,3.89,Chennai,3843,32.4,0.77,39.3
30352,48,Bike,5.8,4.21,Chennai,3753,38.29,0.84,19.2
30353,22,Scooter,7.5,4.55,Hyderabad,3169,44.22,0.83,36.7
30354,35,Bike,0.9,4.09,Delhi,464,37.1,0.85,34.3
30355,31,Car,9.5,4.05,Pune,6469,20.0,0.87,49.2
30356,53,Scooter,2.3,4.58,Bangalore,1568,35.08,0.73,51.0
30357,36,Car,1.3,4.46,Delhi,873,42.68,0.85,54.3
30358,31,Scooter,3.7,4.48,Mumbai,1516,23.27,0.75,53.6
30359,40,Scooter,7.2,3.32,Mumbai,2331,34.04,0.84,59.9
30360,39,Bike,2.7,4.04,Delhi,921,42.54,0.9,46.8
30361,43,Car,1.0,4.0,Hyderabad,356,34.45,0.88,42.9
30362,30,Scooter,1.0,3.91,Mumbai,568,33.12,0.77,21.6
30363,28,Bike,2.9,4.57,Pune,1800,44.3,0.76,36.1
30364,22,Bike,1.8,4.01,Chennai,576,34.46,0.97,34.4
30365,27,Scooter,4.0,3.71,Bangalore,2624,34.27,0.91,48.1
30366,46,Bike,2.1,4.29,Hyderabad,1257,33.89,0.83,27.4
30367,39,Scooter,3.8,4.2,Mumbai,1946,43.36,0.94,54.2
30368,26,Bike,4.7,3.88,Bangalore,3271,35.25,0.84,24.9
30369,53,Scooter,7.6,4.56,Pune,3086,33.74,1.0,36.8
30370,31,Bike,2.7,4.39,Chennai,1045,32.97,0.83,57.5
30371,32,Bike,5.0,4.38,Mumbai,2169,21.31,1.0,30.5
30372,48,Bike,8.2,4.37,Mumbai,4186,38.42,0.86,47.8
30373,29,Scooter,9.9,4.58,Bangalore,4501,34.86,0.75,30.1
30374,43,Bike,5.8,4.15,Bangalore,3664,36.44,0.85,38.1
30375,26,Bike,4.6,3.77,Delhi,3025,29.08,0.91,49.9
30376,39,Bike,6.5,4.13,Mumbai,4463,26.79,0.85,51.7
30377,40,Car,5.1,3.62,Chennai,3199,30.27,0.8,52.9
30378,38,Scooter,2.1,3.83,Bangalore,1140,21.95,0.87,19.5
30379,47,Scooter,4.9,4.77,Hyderabad,2672,30.53,0.9,53.5
30380,53,Car,9.8,3.81,Mumbai,3671,53.5,0.79,21.6
30381,49,Scooter,6.6,3.79,Hyderabad,2674,38.69,0.85,27.3
30382,29,Car,3.2,4.43,Mumbai,2236,36.37,0.77,58.7
30383,47,Scooter,9.5,4.5,Bangalore,3842,27.67,0.88,21.5
30384,31,Bike,4.2,3.62,Delhi,2044,28.52,0.78,26.3
30385,28,Scooter,4.2,4.29,Mumbai,1907,33.36,0.87,30.1
30386,34,Bike,6.4,4.01,Pune,3681,20.0,0.94,51.3
30387,33,Bike,5.9,4.32,Bangalore,2561,36.56,0.9,29.4
30388,27,Scooter,3.3,4.09,Bangalore,1891,31.32,0.83,52.2
30389,35,Bike,4.9,3.72,Bangalore,3353,54.24,0.75,24.3
30390,38,Bike,3.7,4.03,Hyderabad,1483,45.07,0.85,42.0
30391,51,Bike,7.5,4.42,Bangalore,3362,39.62,0.82,58.2
30392,24,Scooter,1.7,4.88,Hyderabad,742,31.6,0.85,16.8
30393,33,Bike,7.6,4.34,Chennai,3193,46.66,0.86,55.9
30394,50,Bike,2.0,4.06,Pune,816,27.2,0.82,22.4
30395,39,Scooter,3.4,3.79,Pune,1876,39.84,0.8,41.1
30396,24,Bike,3.7,4.14,Pune,1921,31.03,0.88,17.2
30397,21,Car,9.9,4.07,Delhi,4984,38.31,0.97,40.7
30398,52,Bike,6.1,4.31,Pune,3783,33.43,0.87,42.7
30399,32,Scooter,7.9,4.18,Bangalore,2833,26.96,0.84,51.3
30400,32,Bike,5.8,4.37,Chennai,2133,33.98,0.93,33.7
30401,40,Bike,9.8,4.07,Bangalore,4951,42.49,0.83,56.2
30402,31,Car,2.2,4.8,Chennai,971,49.7,0.95,31.7
30403,50,Car,6.2,4.4,Pune,2290,43.79,0.91,19.1
30404,51,Scooter,8.1,3.95,Bangalore,4667,32.84,0.63,32.4
30405,48,Scooter,6.5,4.55,Delhi,3239,27.57,0.88,28.8
30406,49,Bike,9.0,3.8,Bangalore,3428,33.39,0.8,35.1
30407,42,Scooter,6.2,3.9,Hyderabad,2515,52.28,0.91,24.0
30408,49,Scooter,8.4,3.92,Bangalore,4949,25.86,0.72,31.7
30409,21,Scooter,2.2,4.66,Mumbai,948,34.8,0.84,54.9
30410,41,Scooter,3.0,4.14,Hyderabad,1145,27.86,0.84,44.4
30411,51,Bike,4.7,3.98,Chennai,3225,20.0,0.82,23.9
30412,47,Scooter,8.6,4.26,Pune,2882,49.83,0.93,17.4
30413,28,Bike,4.6,4.39,Pune,1650,35.63,1.0,24.7
30414,28,Scooter,6.5,4.76,Bangalore,3814,39.01,0.87,33.4
30415,26,Bike,4.3,3.68,Pune,2022,35.75,0.96,31.5
30416,35,Scooter,8.2,4.64,Pune,4929,40.89,0.96,53.2
30417,41,Bike,2.4,3.48,Pune,1250,42.22,1.0,41.4
30418,26,Bike,6.1,4.52,Bangalore,1928,29.01,0.91,52.9
30419,49,Bike,6.0,4.61,Bangalore,3441,49.51,0.92,59.9
30420,45,Bike,4.3,4.63,Mumbai,2675,45.79,0.84,28.1
30421,43,Bike,7.2,4.4,Delhi,3751,38.63,0.77,36.5
30422,47,Bike,0.8,3.83,Delhi,338,28.39,0.94,46.7
30423,43,Bike,8.5,4.46,Hyderabad,2602,28.34,0.81,38.0
30424,39,Bike,3.8,3.83,Hyderabad,2518,25.49,0.69,29.7
30425,48,Car,8.0,3.87,Mumbai,4662,35.01,0.97,51.7
30426,54,Bike,3.4,4.04,Pune,1080,42.1,0.84,55.2
30427,27,Scooter,2.3,4.07,Mumbai,1463,38.24,0.88,27.5
30428,33,Scooter,4.2,4.28,Mumbai,1349,31.66,0.76,27.7
30429,24,Scooter,8.1,3.96,Chennai,4735,25.91,0.92,40.5
30430,31,Bike,7.2,4.32,Pune,4158,44.05,0.83,51.7
30431,41,Bike,4.3,3.72,Pune,2865,30.25,0.86,38.4
30432,41,Scooter,9.4,4.21,Mumbai,3442,23.02,0.9,17.7
30433,46,Scooter,4.4,4.1,Mumbai,2318,36.95,0.85,28.3
30434,51,Scooter,3.8,4.55,Mumbai,1967,32.71,0.79,37.6
30435,24,Scooter,1.9,4.59,Mumbai,596,40.64,0.85,48.2
30436,23,Bike,1.2,4.14,Pune,666,31.18,0.82,49.9
30437,41,Scooter,3.8,3.51,Delhi,1526,35.63,0.64,48.9
30438,38,Scooter,1.4,3.68,Bangalore,606,35.33,0.85,19.3
30439,53,Bike,4.9,4.59,Bangalore,1943,33.06,0.92,42.7
30440,52,Scooter,8.7,4.15,Delhi,2804,29.84,0.7,34.1
30441,31,Scooter,5.0,4.81,Mumbai,1833,41.95,0.9,29.1
30442,51,Scooter,5.1,4.51,Pune,1952,37.4,0.9,52.2
30443,50,Car,2.9,4.29,Chennai,1539,35.41,0.95,31.1
30444,40,Scooter,2.1,4.24,Chennai,743,34.61,0.87,23.2
30445,46,Scooter,2.6,3.8,Hyderabad,1737,34.69,0.83,46.3
30446,31,Scooter,5.9,3.98,Bangalore,2317,29.73,0.85,21.1
30447,22,Bike,6.1,4.35,Hyderabad,3420,28.65,0.84,28.2
30448,37,Scooter,2.6,4.08,Mumbai,943,35.87,0.76,35.0
30449,44,Bike,4.3,4.36,Hyderabad,2657,38.58,0.82,21.4
30450,50,Scooter,5.9,4.56,Mumbai,1938,38.62,0.89,27.9
30451,26,Bike,7.7,4.14,Hyderabad,4581,42.16,0.84,43.9
30452,43,Bike,3.5,4.05,Delhi,1600,40.68,0.81,40.1
30453,46,Scooter,3.1,3.89,Pune,1507,32.12,0.86,53.0
30454,45,Bike,7.4,4.49,Mumbai,3304,52.99,0.79,21.3
30455,41,Bike,5.4,4.46,Chennai,2488,47.21,0.86,53.9
30456,43,Car,8.6,4.97,Mumbai,2598,28.2,0.89,18.4
30457,21,Bike,2.5,4.26,Chennai,776,36.97,0.86,48.5
30458,30,Scooter,7.8,4.17,Pune,4817,29.81,0.77,24.3
30459,45,Scooter,2.0,4.36,Chennai,770,29.45,0.92,55.6
30460,42,Bike,6.1,4.1,Hyderabad,3311,32.93,0.79,16.9
30461,28,Scooter,3.2,3.89,Bangalore,1796,43.49,0.85,41.1
30462,53,Scooter,1.5,4.23,Bangalore,868,27.2,0.96,15.6
30463,32,Bike,6.4,4.36,Bangalore,3449,51.5,0.71,48.1
30464,32,Bike,5.3,4.38,Chennai,2923,39.23,0.78,16.5
30465,32,Bike,5.1,4.36,Bangalore,2716,25.88,0.86,47.7
30466,31,Car,6.1,4.57,Mumbai,4094,39.26,0.81,51.4
30467,28,Bike,4.0,4.38,Mumbai,2263,31.41,0.73,55.3
30468,28,Bike,6.9,4.29,Pune,3044,31.14,0.85,31.2
30469,36,Bike,1.7,3.76,Mumbai,752,42.09,0.67,39.4
30470,38,Car,7.3,4.29,Pune,2422,35.39,1.0,48.0
30471,41,Scooter,6.0,4.14,Chennai,4180,32.8,0.92,51.9
30472,24,Car,5.1,3.81,Chennai,3347,36.97,0.78,50.2
30473,27,Car,1.7,4.38,Bangalore,539,26.62,0.83,53.2
30474,54,Car,3.1,4.38,Pune,1998,35.24,0.72,55.4
30475,54,Scooter,3.3,4.35,Hyderabad,1172,48.11,0.96,44.3
30476,50,Scooter,2.7,4.39,Chennai,1068,22.01,0.86,22.8
30477,46,Scooter,9.6,4.24,Delhi,5494,37.3,0.74,52.5
30478,32,Bike,9.2,4.11,Mumbai,5447,36.98,0.82,35.8
30479,31,Bike,5.7,4.82,Mumbai,2863,33.97,0.91,17.3
30480,49,Bike,2.5,4.25,Bangalore,1717,20.0,0.89,43.2
30481,23,Scooter,9.2,3.31,Hyderabad,4561,31.6,0.9,47.7
30482,31,Bike,7.6,3.35,Mumbai,3065,39.23,0.86,35.6
30483,29,Scooter,0.9,4.62,Chennai,273,45.62,0.67,37.8
30484,46,Scooter,5.2,3.56,Hyderabad,3363,30.99,1.0,39.7
30485,28,Bike,6.2,4.01,Mumbai,2840,26.42,0.82,26.4
30486,41,Bike,1.1,3.77,Bangalore,674,39.17,0.88,31.8
30487,28,Bike,1.0,4.09,Bangalore,609,39.96,0.98,51.3
30488,26,Bike,4.9,4.34,Bangalore,1555,31.14,0.87,16.3
30489,38,Scooter,0.5,3.97,Chennai,314,40.44,0.97,40.1
30490,26,Scooter,0.9,3.91,Bangalore,374,28.35,0.94,16.4
30491,41,Car,2.1,4.46,Delhi,1336,35.74,0.98,24.1
30492,43,Bike,9.1,5.0,Chennai,4521,36.72,0.9,31.8
30493,38,Scooter,7.8,4.39,Delhi,4185,28.2,0.82,23.4
30494,47,Scooter,4.8,3.88,Bangalore,1634,35.08,0.81,53.2
30495,23,Scooter,5.1,4.5,Hyderabad,2303,33.28,1.0,54.2
30496,32,Bike,7.0,4.81,Chennai,4818,24.9,0.84,21.9
30497,40,Scooter,5.0,4.57,Delhi,3351,30.21,0.93,55.2
30498,39,Bike,1.1,3.66,Chennai,767,35.01,0.8,25.3
30499,43,Bike,7.5,4.38,Delhi,3780,38.27,0.82,15.5
30500,25,Bike,1.0,4.04,Pune,627,32.74,0.86,48.2
30501,39,Scooter,5.1,4.22,Chennai,2458,39.88,0.82,38.3
30502,32,Bike,8.7,4.07,Mumbai,5886,41.74,0.8,37.4
30503,48,Scooter,1.6,4.46,Delhi,1111,34.87,0.83,15.1
30504,54,Car,7.2,4.08,Delhi,4688,50.03,0.91,59.0
30505,36,Scooter,0.9,4.7,Chennai,493,41.68,0.81,52.5
30506,24,Bike,9.9,4.2,Hyderabad,6886,36.09,0.85,58.5
30507,26,Scooter,7.0,4.12,Mumbai,4854,30.06,0.99,26.0
30508,27,Bike,9.7,4.4,Delhi,4753,40.1,0.89,42.2
30509,54,Scooter,6.8,4.33,Bangalore,2866,32.82,0.96,48.6
30510,24,Bike,2.8,4.41,Bangalore,1049,30.82,0.87,51.2
30511,35,Bike,9.3,4.15,Pune,5308,27.04,0.84,50.2
30512,33,Bike,6.5,4.67,Chennai,2040,32.14,0.97,40.8
30513,29,Bike,6.0,4.55,Hyderabad,3633,25.42,0.74,16.4
30514,37,Scooter,4.6,4.2,Mumbai,1474,46.52,0.92,59.7
30515,34,Bike,3.2,4.49,Delhi,1299,35.94,0.95,20.2
30516,51,Bike,5.5,4.11,Bangalore,2745,28.93,0.73,23.1
30517,22,Bike,4.0,4.4,Delhi,1355,36.33,0.8,52.1
30518,39,Scooter,8.6,4.49,Bangalore,2704,35.78,0.87,19.5
30519,39,Scooter,0.8,4.29,Chennai,393,47.52,0.89,24.6
30520,33,Car,5.5,3.91,Chennai,3600,42.0,0.94,15.9
30521,41,Scooter,8.4,3.78,Delhi,3891,29.34,0.76,22.1
30522,51,Scooter,0.8,4.3,Chennai,304,28.52,0.79,44.7
30523,48,Bike,3.2,3.95,Mumbai,1482,42.23,0.98,31.2
30524,21,Bike,1.0,4.57,Pune,589,33.38,0.92,21.1
30525,30,Scooter,6.2,3.67,Chennai,1962,24.28,0.9,26.9
30526,28,Bike,3.5,4.66,Mumbai,1093,32.34,0.85,48.9
30527,33,Car,9.6,4.22,Chennai,4657,33.87,0.85,40.1
30528,39,Scooter,6.4,3.9,Delhi,3652,40.37,0.92,36.4
30529,23,Bike,5.8,4.04,Mumbai,3163,35.62,0.92,17.1
30530,23,Scooter,9.2,4.13,Pune,5107,29.31,0.86,38.0
30531,47,Bike,2.6,4.37,Pune,952,38.2,0.75,36.7
30532,38,Bike,5.8,3.77,Pune,2989,35.89,0.74,34.9
30533,54,Bike,5.7,3.86,Hyderabad,2571,20.0,0.92,36.9
30534,50,Scooter,1.3,4.09,Pune,447,38.54,0.88,18.3
30535,28,Scooter,9.4,4.19,Delhi,3301,27.82,0.83,57.0
30536,41,Bike,7.2,4.45,Mumbai,4018,32.88,0.73,28.8
30537,39,Scooter,8.9,4.29,Bangalore,6077,31.19,0.96,44.4
30538,50,Bike,9.8,4.06,Pune,3356,20.0,0.8,31.2
30539,47,Car,5.1,4.28,Bangalore,2539,37.68,0.82,29.8
30540,40,Car,8.1,4.26,Hyderabad,3233,25.06,0.84,47.6
30541,34,Scooter,6.0,4.11,Bangalore,2475,32.2,0.75,33.8
30542,32,Scooter,9.8,4.24,Delhi,3819,32.94,0.74,42.7
30543,43,Bike,2.8,3.45,Pune,1451,23.15,0.87,27.3
30544,32,Bike,0.6,4.53,Mumbai,193,41.51,0.95,26.9
30545,50,Scooter,2.3,4.39,Pune,1373,32.27,1.0,24.0
30546,47,Bike,1.7,4.72,Delhi,922,32.84,0.9,28.5
30547,44,Scooter,4.7,3.92,Chennai,2133,36.15,1.0,17.9
30548,23,Bike,1.2,4.4,Chennai,464,32.48,0.9,18.5
30549,50,Scooter,2.6,3.53,Bangalore,1337,28.45,0.95,53.4
30550,53,Scooter,1.4,3.58,Hyderabad,954,26.94,0.85,27.6
30551,36,Bike,5.1,4.12,Hyderabad,2974,47.42,0.88,39.2
30552,38,Scooter,3.0,4.0,Pune,1235,34.73,0.88,37.3
30553,38,Bike,5.0,4.57,Chennai,2985,29.53,0.86,43.5
30554,34,Bike,1.3,4.61,Hyderabad,652,37.33,0.82,44.2
30555,52,Bike,5.4,4.65,Hyderabad,1723,41.33,0.91,31.5
30556,32,Bike,1.7,4.41,Bangalore,929,54.5,0.82,21.0
30557,22,Bike,1.4,4.42,Pune,550,34.87,0.88,23.0
30558,46,Scooter,3.4,3.75,Delhi,1577,31.42,0.83,31.2
30559,43,Car,8.8,4.69,Delhi,4324,20.0,0.97,40.2
30560,53,Car,8.0,4.64,Mumbai,4957,34.42,0.95,42.6
30561,45,Bike,9.6,3.72,Delhi,5107,31.03,0.8,57.0
30562,24,Car,4.9,4.36,Delhi,2136,35.64,0.83,28.7
30563,41,Car,3.5,4.01,Bangalore,1970,35.51,0.82,19.9
30564,24,Bike,9.7,4.85,Pune,3655,43.51,0.86,39.2
30565,51,Car,4.1,3.86,Bangalore,2579,36.4,0.68,18.0
30566,35,Car,0.6,4.23,Pune,228,35.67,0.89,22.5
30567,24,Scooter,8.3,4.27,Delhi,4344,36.24,0.74,39.9
30568,24,Bike,2.1,4.18,Mumbai,802,32.77,0.8,56.6
30569,23,Scooter,7.3,4.95,Delhi,3140,44.82,0.9,23.8
30570,25,Bike,0.6,4.79,Pune,281,37.83,0.99,31.3
30571,39,Car,1.6,3.63,Delhi,715,40.37,0.84,34.9
30572,52,Bike,5.1,4.37,Chennai,3435,33.3,0.88,57.9
30573,29,Car,1.1,4.2,Pune,428,27.44,0.76,48.1
30574,23,Bike,8.9,4.49,Mumbai,3311,28.11,0.82,29.9
30575,54,Bike,7.6,4.27,Pune,3853,45.49,0.79,27.2
30576,45,Car,3.6,3.92,Delhi,2446,48.12,0.87,38.3
30577,30,Car,6.2,3.84,Bangalore,3108,29.67,0.77,32.2
30578,52,Bike,7.3,4.06,Pune,4991,27.33,0.94,42.8
30579,25,Car,7.7,4.16,Delhi,2896,40.42,0.79,39.1
30580,49,Car,4.3,4.27,Hyderabad,1307,31.66,0.83,16.5
30581,27,Car,9.0,4.0,Chennai,3790,23.83,0.79,18.4
30582,35,Scooter,9.4,4.8,Chennai,5219,26.27,0.75,21.0
30583,22,Car,2.4,4.39,Chennai,1288,34.48,0.72,44.3
30584,30,Scooter,9.2,4.51,Mumbai,3649,50.93,0.66,59.0
30585,31,Car,7.3,4.15,Pune,4121,46.89,0.84,35.4
30586,41,Bike,8.9,3.84,Chennai,5625,30.8,0.93,21.7
30587,32,Scooter,4.5,4.51,Delhi,2586,25.18,0.81,42.5
30588,24,Car,6.8,3.85,Mumbai,4019,31.91,0.75,43.1
30589,48,Scooter,2.7,3.49,Hyderabad,1142,33.81,0.78,49.0
30590,49,Scooter,7.6,4.4,Bangalore,3888,35.67,0.83,46.9
30591,33,Car,6.0,3.94,Chennai,1902,30.57,0.79,46.0
30592,38,Scooter,5.1,4.08,Delhi,2262,30.84,0.92,47.6
30593,47,Bike,7.1,4.44,Mumbai,4446,39.24,0.95,51.9
30594,23,Bike,5.7,3.87,Pune,3511,32.47,0.83,55.3
30595,42,Bike,7.8,3.64,Pune,5275,33.07,0.72,15.2
30596,37,Scooter,8.7,4.63,Delhi,5981,36.77,0.77,45.0
30597,48,Bike,8.1,4.18,Pune,5581,40.57,0.84,57.4
30598,36,Bike,3.4,4.64,Chennai,1234,36.36,0.74,49.1
30599,25,Bike,9.8,4.42,Bangalore,3412,39.11,0.85,18.7
30600,42,Car,6.7,4.43,Mumbai,4355,45.94,0.88,48.1
30601,37,Bike,3.6,4.26,Delhi,1631,32.75,0.83,26.4
30602,31,Bike,0.9,4.26,Mumbai,398,39.92,0.85,23.3
30603,42,Scooter,9.9,4.6,Chennai,5083,29.08,0.77,24.1
30604,23,Bike,6.2,4.49,Pune,2979,34.97,0.79,58.7
30605,47,Bike,2.7,3.99,Chennai,1050,31.36,0.84,44.7
30606,33,Bike,5.2,4.37,Hyderabad,3316,36.07,0.81,59.0
30607,33,Scooter,4.3,3.98,Hyderabad,2853,41.79,0.85,53.1
30608,50,Bike,9.5,4.09,Chennai,5690,28.87,0.76,56.6
30609,38,Car,5.2,4.4,Mumbai,1659,43.21,0.73,40.0
30610,53,Bike,5.1,3.98,Delhi,1770,33.56,0.83,30.7
30611,37,Car,8.0,4.25,Delhi,3507,35.07,0.94,48.2
30612,30,Scooter,4.2,4.33,Mumbai,2195,29.93,0.72,15.8
30613,44,Scooter,2.4,4.08,Bangalore,1305,24.61,0.96,44.0
30614,49,Bike,7.8,4.45,Mumbai,2651,30.55,0.97,58.0
30615,28,Scooter,9.1,4.05,Chennai,6225,39.51,0.7,53.1
30616,34,Scooter,0.9,4.53,Chennai,460,27.57,0.95,23.5
30617,49,Scooter,8.7,4.25,Hyderabad,4112,38.71,0.74,20.8
30618,27,Scooter,4.7,4.26,Delhi,1769,26.63,0.89,52.2
30619,45,Bike,3.2,3.89,Hyderabad,2177,25.2,0.97,17.4
30620,50,Bike,0.9,4.12,Delhi,431,30.8,0.88,59.8
30621,48,Bike,2.5,4.27,Mumbai,867,30.88,0.89,36.0
30622,30,Car,3.7,4.56,Bangalore,2019,43.59,0.91,56.7
30623,54,Scooter,1.2,4.09,Pune,528,41.6,1.0,51.5
30624,36,Bike,2.3,4.56,Delhi,1433,31.2,0.8,46.4
30625,30,Scooter,7.5,3.94,Bangalore,3886,42.14,0.95,24.3
30626,49,Scooter,7.0,4.32,Bangalore,2395,35.87,0.75,18.9
30627,35,Bike,7.8,4.02,Bangalore,4681,26.58,0.75,44.5
30628,48,Scooter,2.1,4.74,Mumbai,885,32.91,0.88,23.5
30629,44,Bike,0.9,4.68,Bangalore,416,30.49,0.93,52.3
30630,40,Bike,5.0,4.3,Bangalore,3051,39.14,0.9,18.0
30631,49,Scooter,3.8,4.01,Chennai,1301,28.06,0.82,38.6
30632,22,Bike,7.9,3.67,Chennai,5459,32.35,0.82,34.0
30633,52,Bike,5.6,4.33,Delhi,3252,37.49,0.78,56.6
30634,50,Scooter,9.3,4.27,Chennai,3506,33.75,0.87,55.4
30635,29,Bike,1.1,4.5,Delhi,355,40.31,0.89,47.4
30636,39,Scooter,4.0,3.69,Bangalore,2071,36.4,0.94,49.0
30637,26,Scooter,4.3,4.25,Chennai,1942,26.93,0.74,46.8
30638,28,Bike,1.7,4.35,Hyderabad,530,38.29,1.0,45.4
30639,54,Bike,6.0,3.88,Pune,3262,44.35,0.76,59.9
30640,21,Scooter,0.9,4.24,Pune,381,35.2,0.77,48.1
30641,33,Scooter,7.3,3.95,Mumbai,3130,37.17,0.84,57.6
30642,26,Scooter,0.9,3.91,Chennai,328,27.81,0.85,34.7
30643,49,Bike,8.8,4.01,Mumbai,3134,29.68,0.9,59.9
30644,22,Scooter,1.1,4.11,Pune,393,46.81,0.9,42.7
30645,30,Bike,4.8,4.63,Chennai,3141,43.63,0.9,55.7
30646,51,Car,2.0,4.09,Pune,1026,36.06,0.97,19.1
30647,28,Scooter,1.8,3.9,Chennai,877,35.51,0.93,42.5
30648,48,Scooter,7.4,4.48,Hyderabad,4305,39.27,0.75,59.7
30649,51,Scooter,7.9,4.56,Bangalore,3380,27.75,0.82,18.0
30650,33,Bike,7.5,4.49,Delhi,4716,43.29,0.8,57.6
30651,27,Bike,4.3,4.68,Chennai,1629,40.29,0.83,21.6
30652,21,Scooter,9.9,4.27,Chennai,6148,32.74,0.95,59.8
30653,46,Scooter,3.7,4.25,Mumbai,1192,34.45,0.91,28.0
30654,36,Car,2.8,3.95,Bangalore,1015,34.25,0.84,50.7
30655,32,Scooter,10.0,4.69,Chennai,6570,31.79,0.95,16.2
30656,36,Bike,9.8,4.17,Chennai,3367,33.18,0.93,27.9
30657,54,Scooter,6.1,4.09,Delhi,2429,39.65,0.74,42.1
30658,47,Bike,2.5,4.06,Pune,792,36.92,0.78,25.2
30659,45,Bike,2.8,4.42,Bangalore,1510,34.53,0.88,49.2
30660,39,Bike,5.4,4.23,Bangalore,2327,40.75,0.84,45.4
30661,27,Car,7.9,4.27,Pune,4371,43.62,0.91,59.6
30662,32,Bike,1.2,4.09,Chennai,401,29.55,0.82,41.3
30663,44,Bike,7.0,4.13,Bangalore,3206,47.0,0.92,49.6
30664,25,Bike,1.5,4.15,Bangalore,673,42.13,0.85,18.4
30665,21,Scooter,8.5,4.7,Delhi,4375,44.13,0.9,16.9
30666,27,Bike,5.6,3.57,Hyderabad,2340,55.88,0.88,41.2
30667,46,Car,9.9,4.36,Pune,6869,41.01,0.83,59.3
30668,44,Scooter,7.7,4.58,Pune,3283,23.36,0.99,27.1
30669,37,Bike,5.2,3.56,Delhi,3008,29.24,0.83,15.1
30670,24,Scooter,1.8,4.17,Hyderabad,803,25.76,1.0,30.3
30671,36,Bike,5.7,4.54,Delhi,2926,44.98,0.7,48.3
30672,25,Scooter,1.6,3.94,Pune,625,44.54,0.76,51.1
30673,25,Scooter,9.1,4.29,Pune,3358,47.56,0.87,50.1
30674,37,Scooter,2.7,3.87,Chennai,1860,40.55,0.73,18.6
30675,41,Car,8.7,4.21,Delhi,4492,46.91,0.81,49.7
30676,50,Scooter,3.4,4.65,Bangalore,1646,23.88,0.92,18.7
30677,53,Scooter,2.6,4.79,Bangalore,1447,34.74,0.84,59.4
30678,43,Car,3.4,4.29,Mumbai,1323,28.58,0.91,31.7
30679,49,Bike,7.2,3.75,Chennai,4527,23.65,0.96,46.2
30680,27,Car,5.5,4.09,Bangalore,2196,47.55,0.89,36.8
30681,27,Bike,1.5,3.57,Chennai,775,26.61,0.77,25.8
30682,35,Bike,1.8,4.1,Delhi,631,33.92,0.84,42.5
30683,49,Scooter,4.1,4.54,Bangalore,2172,38.45,0.85,15.7
30684,30,Bike,3.7,3.72,Chennai,1824,29.32,0.86,37.7
30685,40,Bike,8.6,4.13,Delhi,3545,22.06,0.82,16.8
30686,29,Bike,5.9,3.91,Pune,2495,36.08,0.86,40.6
30687,26,Bike,2.3,4.83,Hyderabad,699,31.27,0.92,35.6
30688,40,Bike,0.8,4.34,Mumbai,248,48.19,0.65,55.3
30689,41,Bike,1.5,4.5,Delhi,810,37.12,0.9,58.5
30690,27,Scooter,7.2,4.3,Pune,4228,39.15,0.8,44.3
30691,54,Scooter,8.5,4.47,Hyderabad,4409,20.0,0.7,23.3
30692,23,Scooter,7.9,4.58,Chennai,2628,38.33,0.72,38.6
30693,37,Bike,8.0,4.21,Hyderabad,5410,34.25,0.88,15.1
30694,22,Car,3.0,4.01,Bangalore,1756,45.24,0.83,49.6
30695,32,Bike,9.9,3.87,Pune,3910,30.17,0.97,16.9
30696,33,Bike,1.3,4.82,Pune,739,38.62,0.96,51.3
30697,32,Car,8.3,4.49,Chennai,2860,27.54,0.75,26.9
30698,47,Scooter,1.4,3.42,Mumbai,856,24.74,0.84,26.3
30699,46,Car,3.0,4.11,Mumbai,1477,31.28,0.96,19.0
30700,25,Bike,5.2,4.35,Chennai,2411,32.29,0.78,45.9
30701,52,Scooter,1.0,4.79,Bangalore,303,27.44,0.99,31.5
30702,36,Bike,4.2,3.81,Chennai,2356,33.19,0.84,19.0
30703,30,Car,3.8,4.35,Chennai,2400,37.43,0.88,29.4
30704,35,Bike,6.6,4.06,Pune,2741,41.24,0.86,56.5
30705,31,Bike,7.3,3.78,Chennai,2224,20.88,0.87,16.6
30706,29,Bike,1.4,4.67,Delhi,854,35.37,0.92,45.1
30707,38,Scooter,0.9,3.86,Mumbai,498,20.81,0.78,37.5
30708,53,Bike,7.9,4.54,Mumbai,4824,45.25,0.86,41.9
30709,29,Car,5.5,3.64,Bangalore,2834,43.41,0.86,32.6
30710,35,Car,5.6,4.03,Mumbai,2712,34.16,0.87,36.7
30711,21,Scooter,9.8,4.4,Bangalore,3799,28.97,0.94,49.2
30712,48,Scooter,4.7,4.45,Pune,1558,34.32,0.85,36.7
30713,53,Car,2.4,4.35,Bangalore,1172,26.11,0.89,31.9
30714,21,Car,7.0,4.54,Mumbai,4531,46.85,0.98,27.4
30715,26,Car,8.2,4.1,Chennai,2654,27.67,0.91,35.3
30716,31,Car,5.3,4.69,Chennai,3686,39.91,0.86,40.9
30717,47,Bike,7.1,4.32,Delhi,4819,30.52,0.82,31.9
30718,25,Bike,5.4,4.46,Bangalore,3003,38.6,0.95,55.5
30719,30,Scooter,4.4,4.33,Hyderabad,2929,33.03,0.75,59.8
30720,48,Bike,0.8,4.37,Hyderabad,417,40.13,0.89,24.2
30721,36,Bike,2.2,3.85,Pune,1016,42.77,0.86,44.0
30722,46,Scooter,5.1,3.87,Mumbai,2696,32.47,0.88,24.3
30723,48,Scooter,4.3,4.01,Mumbai,2797,36.87,0.92,39.3
30724,34,Scooter,8.5,4.38,Hyderabad,5805,48.49,0.81,32.7
30725,33,Car,1.5,3.99,Delhi,952,35.14,0.79,26.0
30726,21,Scooter,1.0,4.1,Pune,371,38.99,0.74,30.4
30727,35,Bike,1.3,4.17,Bangalore,697,40.51,0.85,20.6
30728,49,Bike,6.9,4.7,Bangalore,3297,27.16,0.93,18.6
30729,51,Bike,6.1,4.41,Pune,3004,24.88,0.79,35.3
30730,32,Bike,6.5,3.69,Mumbai,3063,35.42,0.72,51.7
30731,25,Bike,2.0,4.26,Pune,654,32.13,0.79,45.7
30732,52,Bike,5.4,4.09,Mumbai,3447,28.12,0.89,41.8
30733,30,Scooter,7.8,4.12,Pune,5392,20.86,0.85,33.9
30734,25,Scooter,7.0,4.2,Chennai,2687,32.67,0.89,36.1
30735,47,Scooter,4.7,4.59,Delhi,2579,33.92,0.91,16.0
30736,41,Car,1.5,3.92,Bangalore,771,38.91,0.93,57.3
30737,36,Bike,8.8,4.27,Chennai,5795,34.14,0.79,29.0
30738,49,Scooter,5.5,4.3,Hyderabad,3199,24.2,0.99,56.2
30739,35,Bike,9.0,4.12,Chennai,5398,32.44,0.85,47.2
30740,27,Car,4.7,3.98,Pune,3199,27.64,0.9,40.3
30741,38,Bike,2.8,3.94,Hyderabad,1583,39.54,0.85,35.0
30742,39,Bike,3.4,4.05,Hyderabad,1636,45.63,0.9,29.5
30743,37,Bike,4.5,4.46,Bangalore,1443,34.99,0.81,43.7
30744,34,Scooter,6.3,4.07,Chennai,4174,32.92,0.8,58.7
30745,30,Bike,7.8,4.17,Bangalore,4179,36.84,0.88,51.2
30746,45,Car,2.8,3.8,Delhi,1604,44.19,0.93,32.6
30747,29,Bike,2.3,4.03,Delhi,1154,20.0,0.96,36.7
30748,36,Bike,2.4,4.28,Delhi,1097,28.96,0.82,36.1
30749,44,Bike,9.4,3.62,Delhi,4714,29.48,0.92,26.7
30750,41,Bike,2.1,4.57,Hyderabad,670,35.47,0.88,53.1
30751,54,Scooter,3.8,3.99,Pune,2352,37.85,0.86,46.2
30752,27,Scooter,5.1,4.82,Delhi,1852,37.4,0.87,41.9
30753,27,Bike,5.8,4.35,Bangalore,2511,37.16,0.85,34.5
30754,48,Bike,8.7,3.56,Pune,2912,35.42,0.89,25.8
30755,30,Bike,1.6,4.3,Chennai,1004,31.92,0.71,43.8
30756,52,Bike,1.5,4.09,Chennai,551,35.36,0.73,25.7
30757,54,Scooter,3.5,4.3,Bangalore,1608,20.0,0.79,15.4
30758,44,Scooter,4.4,4.77,Mumbai,2051,29.09,0.91,18.0
30759,22,Bike,4.1,4.45,Mumbai,1748,36.09,0.88,46.2
30760,24,Scooter,4.2,4.12,Mumbai,2705,25.31,0.86,32.0
30761,21,Scooter,8.6,3.71,Mumbai,5234,26.12,0.95,24.3
30762,42,Bike,8.4,4.51,Hyderabad,5018,33.78,0.81,25.7
30763,31,Scooter,8.2,4.38,Hyderabad,3198,43.88,0.88,37.3
30764,31,Car,7.7,4.61,Chennai,2893,35.16,0.82,55.7
30765,34,Bike,0.9,4.15,Chennai,358,24.43,0.83,27.1
30766,47,Scooter,1.9,4.3,Hyderabad,863,35.35,0.97,44.5
30767,53,Scooter,7.5,4.11,Hyderabad,3686,40.44,0.83,52.2
30768,48,Scooter,6.2,4.23,Chennai,2480,37.73,0.87,37.0
30769,43,Scooter,6.9,3.67,Bangalore,3333,31.01,0.85,16.2
30770,29,Scooter,7.3,4.31,Hyderabad,2728,33.56,0.85,50.8
30771,38,Bike,9.2,4.33,Bangalore,3749,36.77,0.89,54.6
30772,44,Car,6.5,4.02,Delhi,2627,39.02,0.77,16.4
30773,47,Scooter,3.1,4.41,Bangalore,1831,33.73,0.76,20.2
30774,24,Scooter,1.3,4.51,Bangalore,628,27.84,0.84,18.9
30775,42,Bike,4.6,4.69,Hyderabad,2511,34.17,0.83,25.0
30776,31,Scooter,7.2,3.84,Delhi,4087,32.6,0.91,37.3
30777,27,Scooter,3.2,4.43,Mumbai,1047,36.97,0.93,16.5
30778,54,Bike,1.6,4.67,Bangalore,988,45.12,0.76,22.6
30779,32,Car,10.0,4.08,Delhi,4135,43.29,0.77,33.3
30780,24,Bike,4.5,4.69,Delhi,2267,34.02,0.82,43.5
30781,22,Scooter,2.6,3.95,Hyderabad,1131,36.09,0.82,55.9
30782,21,Bike,2.1,4.22,Delhi,1279,25.88,0.86,52.3
30783,38,Scooter,8.7,3.6,Pune,3404,39.27,0.93,17.4
30784,43,Bike,8.3,3.55,Mumbai,5689,36.48,0.88,58.5
30785,54,Scooter,6.3,3.66,Hyderabad,2898,38.56,0.9,27.0
30786,24,Car,5.7,4.7,Pune,3332,29.2,0.81,31.4
30787,39,Scooter,9.5,3.93,Bangalore,5287,35.6,0.79,18.4
30788,29,Bike,2.7,3.93,Hyderabad,1611,30.96,0.8,57.1
30789,43,Bike,4.4,4.34,Bangalore,2289,42.08,0.82,39.6
30790,33,Scooter,0.7,3.94,Hyderabad,317,38.02,0.86,38.2
30791,21,Bike,4.5,4.62,Delhi,1673,43.33,0.85,15.7
30792,32,Bike,4.2,4.85,Mumbai,2132,27.54,0.8,15.2
30793,30,Bike,9.5,3.42,Hyderabad,3081,34.05,0.85,45.7
30794,47,Bike,3.9,4.38,Pune,1261,33.61,0.81,36.7
30795,39,Bike,8.4,3.48,Chennai,4580,37.41,0.75,37.8
30796,52,Scooter,7.8,3.72,Delhi,3839,36.68,0.9,44.3
30797,42,Bike,1.9,4.37,Hyderabad,954,35.69,0.85,21.6
30798,45,Bike,9.6,3.87,Delhi,4103,24.71,0.86,59.9
30799,31,Scooter,6.5,4.29,Chennai,4005,27.81,0.87,18.6
30800,31,Bike,6.2,4.21,Pune,2358,32.74,0.84,27.1
30801,46,Bike,0.6,3.62,Delhi,320,37.34,0.87,46.2
30802,36,Scooter,7.1,4.43,Delhi,4573,45.36,1.0,38.2
30803,49,Scooter,1.0,4.3,Hyderabad,633,36.42,0.94,19.3
30804,50,Bike,2.3,4.21,Delhi,716,42.84,0.79,49.9
30805,31,Scooter,1.4,3.97,Pune,576,32.39,0.71,58.7
30806,21,Car,4.1,4.34,Hyderabad,2402,24.88,0.93,36.3
30807,26,Car,8.1,3.75,Mumbai,4830,38.11,0.89,26.4
30808,33,Scooter,7.2,3.85,Chennai,3550,34.89,0.89,19.8
30809,47,Bike,1.5,4.31,Pune,571,32.08,0.8,24.2
30810,53,Scooter,8.1,4.56,Pune,3333,23.92,0.8,29.0
30811,34,Bike,4.9,4.03,Bangalore,3039,20.71,0.86,23.5
30812,42,Bike,0.8,4.36,Chennai,301,43.18,0.88,45.8
30813,41,Car,2.6,4.27,Delhi,1760,30.55,1.0,16.0
30814,22,Scooter,8.0,4.35,Pune,4002,40.5,0.92,33.4
30815,25,Scooter,7.5,3.96,Hyderabad,3100,46.67,0.87,31.8
30816,35,Bike,2.3,4.15,Bangalore,1048,32.39,0.63,54.5
30817,40,Bike,0.9,4.19,Bangalore,362,42.78,0.87,27.3
30818,46,Car,3.3,4.72,Pune,1497,38.38,0.86,41.2
30819,44,Bike,8.1,3.81,Delhi,2853,42.6,0.76,15.2
30820,44,Bike,9.4,3.71,Pune,5915,35.38,0.9,56.3
30821,46,Scooter,5.9,5.0,Bangalore,4044,37.67,0.96,43.6
30822,42,Scooter,1.4,4.31,Hyderabad,789,39.99,1.0,50.7
30823,47,Bike,5.3,4.39,Delhi,3304,24.32,0.86,40.6
30824,39,Scooter,10.0,4.42,Pune,3912,32.96,0.81,51.7
30825,49,Bike,9.4,4.47,Chennai,3055,24.51,0.95,18.8
30826,32,Scooter,9.9,4.51,Delhi,5453,34.06,0.79,47.0
30827,36,Bike,7.1,4.47,Delhi,4451,32.09,0.86,21.7
30828,51,Scooter,4.5,4.59,Bangalore,2851,45.12,0.76,40.9
30829,35,Bike,9.0,4.26,Pune,4617,48.63,0.94,59.4
30830,53,Scooter,9.0,4.58,Mumbai,4939,37.97,0.8,23.1
30831,35,Scooter,1.9,4.86,Bangalore,849,46.37,0.92,26.5
30832,52,Car,7.9,4.27,Pune,4994,36.18,0.86,24.5
30833,42,Scooter,9.2,4.37,Pune,5327,30.21,0.9,33.5
30834,26,Bike,9.0,4.0,Mumbai,3369,40.33,0.83,37.0
30835,50,Scooter,7.2,4.14,Delhi,2964,32.76,0.88,22.2
30836,37,Scooter,5.6,4.32,Delhi,2020,33.97,0.93,16.3
30837,22,Bike,7.9,4.06,Pune,3968,38.8,0.81,30.4
30838,36,Scooter,5.4,4.23,Chennai,2056,31.75,0.88,32.2
30839,32,Bike,3.6,4.32,Bangalore,1308,49.25,0.95,32.2
30840,32,Scooter,3.0,4.73,Chennai,1092,20.0,0.78,44.9
30841,37,Car,5.6,3.9,Hyderabad,2275,26.8,0.8,35.2
30842,26,Bike,4.8,4.35,Delhi,2993,36.28,0.79,19.9
30843,46,Scooter,5.5,3.99,Pune,3714,37.03,0.83,57.0
30844,21,Bike,3.0,4.47,Pune,2095,34.27,0.73,46.5
30845,36,Bike,6.1,4.5,Chennai,1928,34.67,0.86,24.6
30846,36,Scooter,6.8,4.79,Hyderabad,3587,26.05,0.99,57.1
30847,36,Bike,8.2,4.05,Mumbai,3333,40.2,0.86,59.6
30848,49,Scooter,6.1,4.25,Bangalore,4242,36.11,1.0,23.9
30849,46,Scooter,7.7,4.48,Hyderabad,5341,34.88,0.73,32.1
30850,50,Bike,2.1,4.43,Bangalore,1414,39.72,0.75,18.1
30851,53,Bike,1.7,3.33,Delhi,519,39.29,0.72,36.7
30852,40,Bike,2.2,3.96,Pune,795,29.35,0.64,50.4
30853,33,Car,8.5,4.4,Mumbai,4428,36.81,0.86,55.7
30854,28,Scooter,5.8,4.13,Delhi,2174,35.1,0.76,39.5
30855,52,Car,4.8,4.48,Hyderabad,3081,39.54,0.68,29.7
30856,38,Scooter,7.7,4.56,Mumbai,4465,42.87,0.82,40.9
30857,31,Bike,1.7,4.13,Hyderabad,635,33.21,0.85,20.2
30858,34,Scooter,0.6,4.41,Bangalore,376,39.52,0.88,52.6
30859,53,Scooter,3.5,4.71,Delhi,1747,36.24,0.84,38.4
30860,43,Bike,2.9,4.56,Bangalore,1693,26.25,0.9,59.2
30861,27,Bike,3.4,3.93,Mumbai,1210,29.61,0.77,33.0
30862,35,Scooter,9.7,4.14,Chennai,4919,29.73,0.77,44.4
30863,35,Scooter,5.9,4.21,Bangalore,3602,42.57,0.95,30.3
30864,29,Bike,6.1,3.87,Mumbai,2673,26.63,0.98,21.6
30865,41,Scooter,6.7,4.57,Mumbai,2510,24.16,0.74,49.0
30866,48,Scooter,4.3,3.97,Hyderabad,2389,41.21,0.87,45.3
30867,26,Scooter,9.8,4.16,Bangalore,5464,36.54,0.78,50.1
30868,30,Scooter,9.7,4.58,Delhi,3702,32.95,0.77,59.1
30869,35,Bike,7.8,4.04,Bangalore,2556,21.95,0.87,59.7
30870,44,Car,2.5,4.08,Hyderabad,916,22.18,0.87,56.8
30871,24,Bike,8.9,4.32,Mumbai,3650,20.0,0.81,55.3
30872,35,Bike,1.5,4.06,Delhi,471,29.03,0.82,28.6
30873,22,Scooter,6.5,4.74,Chennai,4349,51.1,0.76,36.1
30874,48,Bike,4.8,3.88,Pune,1882,36.64,0.94,17.1
30875,25,Scooter,0.9,3.4,Delhi,536,37.95,0.84,45.8
30876,43,Bike,9.1,4.5,Pune,4239,34.57,0.78,39.6
30877,29,Scooter,9.6,4.07,Bangalore,4807,25.68,0.85,46.8
30878,27,Bike,9.1,3.92,Delhi,4684,31.66,0.82,45.6
30879,24,Scooter,2.3,4.33,Bangalore,1400,42.84,0.79,27.2
30880,39,Bike,3.7,4.35,Delhi,2276,37.88,0.78,35.7
30881,28,Car,9.6,3.93,Bangalore,3422,20.0,0.77,19.7
30882,51,Bike,1.5,4.62,Pune,632,47.2,0.76,18.8
30883,34,Scooter,6.0,4.5,Mumbai,3175,34.33,0.85,35.7
30884,49,Bike,5.1,4.89,Mumbai,2204,29.62,0.82,40.0
30885,29,Car,1.9,4.04,Bangalore,670,33.03,1.0,29.3
30886,26,Scooter,8.9,4.25,Bangalore,4124,31.9,0.9,17.8
30887,48,Bike,1.8,4.28,Chennai,697,29.96,0.87,44.8
30888,30,Car,6.1,4.09,Bangalore,2180,38.9,0.82,45.5
30889,23,Car,3.5,4.34,Hyderabad,1475,29.22,0.82,29.4
30890,32,Scooter,4.5,4.37,Pune,1889,28.92,0.73,15.0
30891,31,Bike,2.5,4.37,Bangalore,847,35.91,0.75,43.6
30892,29,Scooter,6.4,4.09,Mumbai,3415,37.5,0.76,18.2
30893,26,Bike,9.9,4.13,Delhi,4214,39.92,0.72,25.1
30894,32,Bike,8.4,4.0,Mumbai,3102,39.56,0.84,26.2
30895,28,Car,7.0,3.94,Hyderabad,4392,36.01,0.72,26.9
30896,33,Bike,7.7,4.18,Delhi,2317,22.57,0.87,42.8
30897,29,Scooter,8.5,4.73,Mumbai,4094,43.76,0.84,18.6
30898,40,Car,5.0,4.91,Bangalore,2369,41.94,0.98,44.0
30899,30,Scooter,5.9,4.66,Pune,3353,36.85,0.87,36.8
30900,47,Scooter,9.0,4.04,Bangalore,4101,33.48,0.76,30.7
30901,24,Scooter,7.1,4.34,Delhi,3586,30.89,0.74,42.2
30902,30,Scooter,1.8,3.48,Pune,1194,40.49,0.97,54.3
30903,39,Bike,7.9,4.15,Chennai,2901,22.25,0.78,39.5
30904,30,Scooter,0.7,4.06,Hyderabad,239,37.73,0.8,22.0
30905,43,Scooter,8.6,4.86,Mumbai,5148,38.85,0.82,40.1
30906,29,Bike,8.0,4.29,Mumbai,4777,20.0,0.85,35.4
30907,22,Scooter,8.4,4.22,Hyderabad,5610,48.34,0.97,57.3
30908,39,Bike,0.7,4.18,Mumbai,485,51.43,0.86,41.7
30909,28,Car,9.7,4.1,Delhi,4401,49.89,0.86,16.6
30910,46,Scooter,6.3,4.39,Chennai,2841,39.84,0.84,20.4
30911,31,Scooter,8.1,3.97,Delhi,5361,47.89,0.86,39.0
30912,23,Scooter,5.9,4.39,Chennai,3801,33.16,0.91,50.8
30913,50,Bike,3.7,4.7,Pune,1665,51.24,0.81,19.3
30914,38,Scooter,3.3,4.24,Bangalore,1090,36.17,0.81,40.4
30915,37,Scooter,1.2,4.09,Chennai,638,20.75,0.93,35.4
30916,29,Bike,5.7,4.17,Chennai,2322,29.82,0.81,31.3
30917,50,Bike,1.9,4.62,Chennai,1260,37.8,0.8,18.7
30918,36,Scooter,5.9,4.25,Mumbai,3672,36.34,0.95,54.6
30919,28,Scooter,6.4,3.99,Chennai,4226,26.83,0.83,49.3
30920,46,Scooter,4.7,4.48,Hyderabad,1562,44.17,0.84,56.4
30921,25,Bike,2.0,3.95,Bangalore,1291,42.78,0.82,22.5
30922,25,Scooter,4.6,4.12,Bangalore,2471,30.37,0.81,40.8
30923,44,Scooter,8.8,4.28,Mumbai,3398,21.77,0.83,15.9
30924,34,Bike,4.9,3.92,Delhi,2060,39.76,0.83,23.0
30925,25,Bike,3.8,3.57,Hyderabad,1834,31.59,0.92,50.5
30926,45,Bike,6.5,4.36,Delhi,3581,31.01,0.78,27.9
30927,37,Scooter,6.4,3.43,Chennai,2515,27.17,1.0,23.9
30928,26,Scooter,1.4,3.88,Delhi,535,44.45,0.8,39.4
30929,27,Bike,2.7,4.47,Hyderabad,1773,24.28,0.92,44.5
30930,35,Bike,5.2,4.35,Mumbai,3318,29.66,0.74,42.5
30931,26,Scooter,4.0,4.14,Mumbai,2426,31.83,0.8,19.5
30932,52,Bike,3.5,3.89,Chennai,2115,31.91,0.83,56.9
30933,47,Bike,4.7,4.05,Hyderabad,2850,20.02,0.78,23.0
30934,25,Scooter,3.3,4.4,Mumbai,2209,31.37,0.9,56.6
30935,36,Scooter,3.8,4.15,Chennai,2422,38.11,0.9,36.8
30936,31,Scooter,7.8,3.77,Delhi,3552,37.02,0.79,19.6
30937,45,Scooter,5.3,3.89,Hyderabad,2589,20.0,0.7,21.7
30938,22,Scooter,8.8,4.05,Mumbai,4768,41.78,0.9,34.4
30939,48,Scooter,9.5,4.33,Hyderabad,4657,39.03,0.86,59.9
30940,27,Scooter,9.3,4.24,Mumbai,3894,22.78,0.81,54.9
30941,21,Scooter,2.9,3.76,Pune,1868,32.95,0.8,59.1
30942,38,Scooter,5.0,4.67,Mumbai,3106,25.72,0.79,35.5
30943,32,Car,5.6,3.94,Hyderabad,2553,42.73,0.92,45.6
30944,28,Bike,8.6,4.35,Mumbai,2974,44.27,0.82,38.4
30945,40,Bike,5.8,3.87,Delhi,1751,40.07,0.96,16.3
30946,36,Scooter,2.9,5.0,Chennai,977,46.71,1.0,21.4
30947,53,Scooter,5.7,4.66,Pune,2062,38.26,0.9,27.8
30948,45,Scooter,0.9,3.93,Bangalore,506,35.56,1.0,29.1
30949,39,Car,8.4,4.23,Hyderabad,3257,39.35,0.91,46.3
30950,36,Bike,5.9,3.84,Hyderabad,3268,28.88,0.82,47.4
30951,36,Car,6.7,4.08,Chennai,2889,27.35,0.98,35.3
30952,45,Bike,2.4,4.35,Delhi,1579,33.58,0.84,32.1
30953,52,Car,5.8,4.5,Bangalore,2828,31.91,1.0,23.0
30954,48,Scooter,5.5,3.77,Delhi,3130,29.54,0.81,16.8
30955,29,Bike,6.4,3.94,Hyderabad,3100,46.18,0.92,41.3
30956,38,Scooter,8.6,4.53,Bangalore,5719,29.64,0.85,30.7
30957,43,Bike,7.8,4.66,Mumbai,4484,24.37,0.76,36.5
30958,50,Bike,5.7,3.93,Pune,3174,24.49,0.78,55.5
30959,52,Bike,9.0,4.53,Hyderabad,4832,35.98,0.66,45.0
30960,44,Bike,3.9,3.77,Delhi,2712,46.45,0.84,50.0
30961,31,Scooter,5.2,4.1,Chennai,2984,20.57,0.89,23.1
30962,46,Scooter,6.7,3.8,Mumbai,4031,38.89,0.68,15.1
30963,31,Car,4.7,4.06,Bangalore,1563,43.86,0.6,21.1
30964,40,Bike,3.9,4.87,Hyderabad,2440,28.6,0.78,49.6
30965,38,Scooter,1.6,4.18,Chennai,861,28.26,0.86,35.0
30966,54,Car,6.5,4.1,Chennai,2825,48.72,0.77,24.6
30967,24,Bike,2.3,4.0,Delhi,1225,43.97,0.86,58.3
30968,41,Bike,1.8,4.1,Pune,990,31.39,0.8,36.9
30969,46,Bike,2.2,3.92,Chennai,888,37.83,0.74,31.6
30970,34,Car,7.0,4.25,Delhi,3323,34.99,0.91,59.0
30971,46,Scooter,1.8,4.19,Bangalore,1059,41.49,0.87,21.0
30972,33,Bike,9.8,4.04,Hyderabad,3825,34.54,0.82,42.0
30973,46,Bike,7.7,4.01,Bangalore,4885,30.17,0.7,48.7
30974,35,Scooter,4.2,4.26,Pune,1390,30.34,0.81,57.3
30975,47,Scooter,6.1,3.94,Delhi,3248,44.06,0.78,52.5
30976,43,Bike,0.6,4.12,Bangalore,271,36.65,0.81,28.0
30977,42,Scooter,8.5,4.04,Hyderabad,2731,35.45,0.78,26.7
30978,30,Car,3.1,3.43,Hyderabad,1890,39.44,0.82,19.4
30979,25,Bike,1.2,4.5,Chennai,622,38.97,0.82,22.5
30980,24,Bike,7.7,3.56,Pune,4513,26.36,0.92,47.9
30981,36,Scooter,3.6,3.58,Delhi,1627,31.85,0.79,28.0
30982,52,Scooter,5.9,4.51,Bangalore,3798,26.28,0.86,34.9
30983,31,Car,8.5,3.81,Chennai,2834,28.74,0.78,46.1
30984,53,Car,7.9,3.47,Chennai,3107,45.54,0.79,44.9
30985,24,Bike,3.7,4.67,Bangalore,2286,55.27,0.8,50.7
30986,43,Scooter,8.8,3.98,Delhi,6000,28.0,0.92,17.6
30987,23,Scooter,4.2,4.63,Delhi,2682,30.89,0.82,40.7
30988,40,Bike,5.3,3.88,Pune,2079,33.44,0.84,55.1
30989,21,Bike,6.3,3.62,Hyderabad,2768,20.0,0.81,31.8
30990,53,Scooter,1.2,4.09,Delhi,727,52.26,0.84,23.6
30991,30,Bike,6.2,3.78,Chennai,4206,26.02,0.84,18.1
30992,23,Scooter,6.0,4.34,Hyderabad,2494,32.91,0.81,57.3
30993,52,Bike,8.8,4.44,Mumbai,3999,37.72,0.69,15.2
30994,51,Scooter,3.9,4.53,Hyderabad,1205,35.18,0.8,50.6
30995,41,Bike,2.8,4.09,Chennai,1404,35.41,0.86,26.9
30996,44,Car,5.0,4.68,Pune,1676,37.45,0.9,25.9
30997,44,Bike,7.0,3.88,Bangalore,2339,25.45,0.73,22.1
30998,30,Car,5.8,4.25,Bangalore,3506,34.7,0.74,23.7
30999,26,Bike,1.8,4.15,Pune,787,43.92,0.8,38.1
31000,48,Scooter,3.8,4.89,Pune,2562,31.23,0.81,54.4
